controlId,name
C0,DQ_control_0000
C1,DQ_control_0001
C2,DQ_control_0002
C3,DQ_control_0003
C4,DQ_control_0004
C5,DQ_control_0005
C6,DQ_control_0006
C7,DQ_control_0007
C8,DQ_control_0008
C9,DQ_control_0009
C10,DQ_control_0010
C11,DQ_control_0011
C12,DQ_control_0012
C13,DQ_control_0013
C14,DQ_control_0014
C15,DQ_control_0015
C16,DQ_control_0016
C17,DQ_control_0017
C18,DQ_control_0018
C19,DQ_control_0019
C20,DQ_control_0020
C21,DQ_control_0021
C22,DQ_control_0022
C23,DQ_control_0023
C24,DQ_control_0024
C25,DQ_control_0025
C26,DQ_control_0026
C27,DQ_control_0027
C28,DQ_control_0028
C29,DQ_control_0029
C30,DQ_control_0030
C31,DQ_control_0031
C32,DQ_control_0032
C33,DQ_control_0033
C34,DQ_control_0034
C35,DQ_control_0035
C36,DQ_control_0036
C37,DQ_control_0037
C38,DQ_control_0038
C39,DQ_control_0039
C40,DQ_control_0040
C41,DQ_control_0041
C42,DQ_control_0042
C43,DQ_control_0043
C44,DQ_control_0044
C45,DQ_control_0045
C46,DQ_control_0046
C47,DQ_control_0047
C48,DQ_control_0048
C49,DQ_control_0049
C50,DQ_control_0050
C51,DQ_control_0051
C52,DQ_control_0052
C53,DQ_control_0053
C54,DQ_control_0054
C55,DQ_control_0055
C56,DQ_control_0056
C57,DQ_control_0057
C58,DQ_control_0058
C59,DQ_control_0059
C60,DQ_control_0060
C61,DQ_control_0061
C62,DQ_control_0062
C63,DQ_control_0063
C64,DQ_control_0064
C65,DQ_control_0065
C66,DQ_control_0066
C67,DQ_control_0067
C68,DQ_control_0068
C69,DQ_control_0069
C70,DQ_control_0070
C71,DQ_control_0071
C72,DQ_control_0072
C73,DQ_control_0073
C74,DQ_control_0074
C75,DQ_control_0075
C76,DQ_control_0076
C77,DQ_control_0077
C78,DQ_control_0078
C79,DQ_control_0079
C80,DQ_control_0080
C81,DQ_control_0081
C82,DQ_control_0082
C83,DQ_control_0083
C84,DQ_control_0084
C85,DQ_control_0085
C86,DQ_control_0086
C87,DQ_control_0087
C88,DQ_control_0088
C89,DQ_control_0089
C90,DQ_control_0090
C91,DQ_control_0091
C92,DQ_control_0092
C93,DQ_control_0093
C94,DQ_control_0094
C95,DQ_control_0095
C96,DQ_control_0096
C97,DQ_control_0097
C98,DQ_control_0098
C99,DQ_control_0099
C100,DQ_control_0100
C101,DQ_control_0101
C102,DQ_control_0102
C103,DQ_control_0103
C104,DQ_control_0104
C105,DQ_control_0105
C106,DQ_control_0106
C107,DQ_control_0107
C108,DQ_control_0108
C109,DQ_control_0109
C110,DQ_control_0110
C111,DQ_control_0111
C112,DQ_control_0112
C113,DQ_control_0113
C114,DQ_control_0114
C115,DQ_control_0115
C116,DQ_control_0116
C117,DQ_control_0117
C118,DQ_control_0118
C119,DQ_control_0119
C120,DQ_control_0120
C121,DQ_control_0121
C122,DQ_control_0122
C123,DQ_control_0123
C124,DQ_control_0124
C125,DQ_control_0125
C126,DQ_control_0126
C127,DQ_control_0127
C128,DQ_control_0128
C129,DQ_control_0129
C130,DQ_control_0130
C131,DQ_control_0131
C132,DQ_control_0132
C133,DQ_control_0133
C134,DQ_control_0134
C135,DQ_control_0135
C136,DQ_control_0136
C137,DQ_control_0137
C138,DQ_control_0138
C139,DQ_control_0139
C140,DQ_control_0140
C141,DQ_control_0141
C142,DQ_control_0142
C143,DQ_control_0143
C144,DQ_control_0144
C145,DQ_control_0145
C146,DQ_control_0146
C147,DQ_control_0147
C148,DQ_control_0148
C149,DQ_control_0149
C150,DQ_control_0150
C151,DQ_control_0151
C152,DQ_control_0152
C153,DQ_control_0153
C154,DQ_control_0154
C155,DQ_control_0155
C156,DQ_control_0156
C157,DQ_control_0157
C158,DQ_control_0158
C159,DQ_control_0159
C160,DQ_control_0160
C161,DQ_control_0161
C162,DQ_control_0162
C163,DQ_control_0163
C164,DQ_control_0164
C165,DQ_control_0165
C166,DQ_control_0166
C167,DQ_control_0167
C168,DQ_control_0168
C169,DQ_control_0169
C170,DQ_control_0170
C171,DQ_control_0171
C172,DQ_control_0172
C173,DQ_control_0173
C174,DQ_control_0174
C175,DQ_control_0175
C176,DQ_control_0176
C177,DQ_control_0177
C178,DQ_control_0178
C179,DQ_control_0179
C180,DQ_control_0180
C181,DQ_control_0181
C182,DQ_control_0182
C183,DQ_control_0183
C184,DQ_control_0184
C185,DQ_control_0185
C186,DQ_control_0186
C187,DQ_control_0187
C188,DQ_control_0188
C189,DQ_control_0189
C190,DQ_control_0190
C191,DQ_control_0191
C192,DQ_control_0192
C193,DQ_control_0193
C194,DQ_control_0194
C195,DQ_control_0195
C196,DQ_control_0196
C197,DQ_control_0197
C198,DQ_control_0198
C199,DQ_control_0199
C200,DQ_control_0200
C201,DQ_control_0201
C202,DQ_control_0202
C203,DQ_control_0203
C204,DQ_control_0204
C205,DQ_control_0205
C206,DQ_control_0206
C207,DQ_control_0207
C208,DQ_control_0208
C209,DQ_control_0209
C210,DQ_control_0210
C211,DQ_control_0211
C212,DQ_control_0212
C213,DQ_control_0213
C214,DQ_control_0214
C215,DQ_control_0215
C216,DQ_control_0216
C217,DQ_control_0217
C218,DQ_control_0218
C219,DQ_control_0219
C220,DQ_control_0220
C221,DQ_control_0221
C222,DQ_control_0222
C223,DQ_control_0223
C224,DQ_control_0224
C225,DQ_control_0225
C226,DQ_control_0226
C227,DQ_control_0227
C228,DQ_control_0228
C229,DQ_control_0229
C230,DQ_control_0230
C231,DQ_control_0231
C232,DQ_control_0232
C233,DQ_control_0233
C234,DQ_control_0234
C235,DQ_control_0235
C236,DQ_control_0236
C237,DQ_control_0237
C238,DQ_control_0238
C239,DQ_control_0239
C240,DQ_control_0240
C241,DQ_control_0241
C242,DQ_control_0242
C243,DQ_control_0243
C244,DQ_control_0244
C245,DQ_control_0245
C246,DQ_control_0246
C247,DQ_control_0247
C248,DQ_control_0248
C249,DQ_control_0249
C250,DQ_control_0250
C251,DQ_control_0251
C252,DQ_control_0252
C253,DQ_control_0253
C254,DQ_control_0254
C255,DQ_control_0255
C256,DQ_control_0256
C257,DQ_control_0257
C258,DQ_control_0258
C259,DQ_control_0259
C260,DQ_control_0260
C261,DQ_control_0261
C262,DQ_control_0262
C263,DQ_control_0263
C264,DQ_control_0264
C265,DQ_control_0265
C266,DQ_control_0266
C267,DQ_control_0267
C268,DQ_control_0268
C269,DQ_control_0269
C270,DQ_control_0270
C271,DQ_control_0271
C272,DQ_control_0272
C273,DQ_control_0273
C274,DQ_control_0274
C275,DQ_control_0275
C276,DQ_control_0276
C277,DQ_control_0277
C278,DQ_control_0278
C279,DQ_control_0279
C280,DQ_control_0280
C281,DQ_control_0281
C282,DQ_control_0282
C283,DQ_control_0283
C284,DQ_control_0284
C285,DQ_control_0285
C286,DQ_control_0286
C287,DQ_control_0287
C288,DQ_control_0288
C289,DQ_control_0289
C290,DQ_control_0290
C291,DQ_control_0291
C292,DQ_control_0292
C293,DQ_control_0293
C294,DQ_control_0294
C295,DQ_control_0295
C296,DQ_control_0296
C297,DQ_control_0297
C298,DQ_control_0298
C299,DQ_control_0299
C300,DQ_control_0300
C301,DQ_control_0301
C302,DQ_control_0302
C303,DQ_control_0303
C304,DQ_control_0304
C305,DQ_control_0305
C306,DQ_control_0306
C307,DQ_control_0307
C308,DQ_control_0308
C309,DQ_control_0309
C310,DQ_control_0310
C311,DQ_control_0311
C312,DQ_control_0312
C313,DQ_control_0313
C314,DQ_control_0314
C315,DQ_control_0315
C316,DQ_control_0316
C317,DQ_control_0317
C318,DQ_control_0318
C319,DQ_control_0319
C320,DQ_control_0320
C321,DQ_control_0321
C322,DQ_control_0322
C323,DQ_control_0323
C324,DQ_control_0324
C325,DQ_control_0325
C326,DQ_control_0326
C327,DQ_control_0327
C328,DQ_control_0328
C329,DQ_control_0329
C330,DQ_control_0330
C331,DQ_control_0331
C332,DQ_control_0332
C333,DQ_control_0333
C334,DQ_control_0334
C335,DQ_control_0335
C336,DQ_control_0336
C337,DQ_control_0337
C338,DQ_control_0338
C339,DQ_control_0339
C340,DQ_control_0340
C341,DQ_control_0341
C342,DQ_control_0342
C343,DQ_control_0343
C344,DQ_control_0344
C345,DQ_control_0345
C346,DQ_control_0346
C347,DQ_control_0347
C348,DQ_control_0348
C349,DQ_control_0349
C350,DQ_control_0350
C351,DQ_control_0351
C352,DQ_control_0352
C353,DQ_control_0353
C354,DQ_control_0354
C355,DQ_control_0355
C356,DQ_control_0356
C357,DQ_control_0357
C358,DQ_control_0358
C359,DQ_control_0359
C360,DQ_control_0360
C361,DQ_control_0361
C362,DQ_control_0362
C363,DQ_control_0363
C364,DQ_control_0364
C365,DQ_control_0365
C366,DQ_control_0366
C367,DQ_control_0367
C368,DQ_control_0368
C369,DQ_control_0369
C370,DQ_control_0370
C371,DQ_control_0371
C372,DQ_control_0372
C373,DQ_control_0373
C374,DQ_control_0374
C375,DQ_control_0375
C376,DQ_control_0376
C377,DQ_control_0377
C378,DQ_control_0378
C379,DQ_control_0379
C380,DQ_control_0380
C381,DQ_control_0381
C382,DQ_control_0382
C383,DQ_control_0383
C384,DQ_control_0384
C385,DQ_control_0385
C386,DQ_control_0386
C387,DQ_control_0387
C388,DQ_control_0388
C389,DQ_control_0389
C390,DQ_control_0390
C391,DQ_control_0391
C392,DQ_control_0392
C393,DQ_control_0393
C394,DQ_control_0394
C395,DQ_control_0395
C396,DQ_control_0396
C397,DQ_control_0397
C398,DQ_control_0398
C399,DQ_control_0399
C400,DQ_control_0400
C401,DQ_control_0401
C402,DQ_control_0402
C403,DQ_control_0403
C404,DQ_control_0404
C405,DQ_control_0405
C406,DQ_control_0406
C407,DQ_control_0407
C408,DQ_control_0408
C409,DQ_control_0409
C410,DQ_control_0410
C411,DQ_control_0411
C412,DQ_control_0412
C413,DQ_control_0413
C414,DQ_control_0414
C415,DQ_control_0415
C416,DQ_control_0416
C417,DQ_control_0417
C418,DQ_control_0418
C419,DQ_control_0419
C420,DQ_control_0420
C421,DQ_control_0421
C422,DQ_control_0422
C423,DQ_control_0423
C424,DQ_control_0424
C425,DQ_control_0425
C426,DQ_control_0426
C427,DQ_control_0427
C428,DQ_control_0428
C429,DQ_control_0429
C430,DQ_control_0430
C431,DQ_control_0431
C432,DQ_control_0432
C433,DQ_control_0433
C434,DQ_control_0434
C435,DQ_control_0435
C436,DQ_control_0436
C437,DQ_control_0437
C438,DQ_control_0438
C439,DQ_control_0439
C440,DQ_control_0440
C441,DQ_control_0441
C442,DQ_control_0442
C443,DQ_control_0443
C444,DQ_control_0444
C445,DQ_control_0445
C446,DQ_control_0446
C447,DQ_control_0447
C448,DQ_control_0448
C449,DQ_control_0449
C450,DQ_control_0450
C451,DQ_control_0451
C452,DQ_control_0452
C453,DQ_control_0453
C454,DQ_control_0454
C455,DQ_control_0455
C456,DQ_control_0456
C457,DQ_control_0457
C458,DQ_control_0458
C459,DQ_control_0459
C460,DQ_control_0460
C461,DQ_control_0461
C462,DQ_control_0462
C463,DQ_control_0463
C464,DQ_control_0464
C465,DQ_control_0465
C466,DQ_control_0466
C467,DQ_control_0467
C468,DQ_control_0468
C469,DQ_control_0469
C470,DQ_control_0470
C471,DQ_control_0471
C472,DQ_control_0472
C473,DQ_control_0473
C474,DQ_control_0474
C475,DQ_control_0475
C476,DQ_control_0476
C477,DQ_control_0477
C478,DQ_control_0478
C479,DQ_control_0479
C480,DQ_control_0480
C481,DQ_control_0481
C482,DQ_control_0482
C483,DQ_control_0483
C484,DQ_control_0484
C485,DQ_control_0485
C486,DQ_control_0486
C487,DQ_control_0487
C488,DQ_control_0488
C489,DQ_control_0489
C490,DQ_control_0490
C491,DQ_control_0491
C492,DQ_control_0492
C493,DQ_control_0493
C494,DQ_control_0494
C495,DQ_control_0495
C496,DQ_control_0496
C497,DQ_control_0497
C498,DQ_control_0498
C499,DQ_control_0499
C500,DQ_control_0500
C501,DQ_control_0501
C502,DQ_control_0502
C503,DQ_control_0503
C504,DQ_control_0504
C505,DQ_control_0505
C506,DQ_control_0506
C507,DQ_control_0507
C508,DQ_control_0508
C509,DQ_control_0509
C510,DQ_control_0510
C511,DQ_control_0511
C512,DQ_control_0512
C513,DQ_control_0513
C514,DQ_control_0514
C515,DQ_control_0515
C516,DQ_control_0516
C517,DQ_control_0517
C518,DQ_control_0518
C519,DQ_control_0519
C520,DQ_control_0520
C521,DQ_control_0521
C522,DQ_control_0522
C523,DQ_control_0523
C524,DQ_control_0524
C525,DQ_control_0525
C526,DQ_control_0526
C527,DQ_control_0527
C528,DQ_control_0528
C529,DQ_control_0529
C530,DQ_control_0530
C531,DQ_control_0531
C532,DQ_control_0532
C533,DQ_control_0533
C534,DQ_control_0534
C535,DQ_control_0535
C536,DQ_control_0536
C537,DQ_control_0537
C538,DQ_control_0538
C539,DQ_control_0539
C540,DQ_control_0540
C541,DQ_control_0541
C542,DQ_control_0542
C543,DQ_control_0543
C544,DQ_control_0544
C545,DQ_control_0545
C546,DQ_control_0546
C547,DQ_control_0547
C548,DQ_control_0548
C549,DQ_control_0549
C550,DQ_control_0550
C551,DQ_control_0551
C552,DQ_control_0552
C553,DQ_control_0553
C554,DQ_control_0554
C555,DQ_control_0555
C556,DQ_control_0556
C557,DQ_control_0557
C558,DQ_control_0558
C559,DQ_control_0559
C560,DQ_control_0560
C561,DQ_control_0561
C562,DQ_control_0562
C563,DQ_control_0563
C564,DQ_control_0564
C565,DQ_control_0565
C566,DQ_control_0566
C567,DQ_control_0567
C568,DQ_control_0568
C569,DQ_control_0569
C570,DQ_control_0570
C571,DQ_control_0571
C572,DQ_control_0572
C573,DQ_control_0573
C574,DQ_control_0574
C575,DQ_control_0575
C576,DQ_control_0576
C577,DQ_control_0577
C578,DQ_control_0578
C579,DQ_control_0579
C580,DQ_control_0580
C581,DQ_control_0581
C582,DQ_control_0582
C583,DQ_control_0583
C584,DQ_control_0584
C585,DQ_control_0585
C586,DQ_control_0586
C587,DQ_control_0587
C588,DQ_control_0588
C589,DQ_control_0589
C590,DQ_control_0590
C591,DQ_control_0591
C592,DQ_control_0592
C593,DQ_control_0593
C594,DQ_control_0594
C595,DQ_control_0595
C596,DQ_control_0596
C597,DQ_control_0597
C598,DQ_control_0598
C599,DQ_control_0599
C600,DQ_control_0600
C601,DQ_control_0601
C602,DQ_control_0602
C603,DQ_control_0603
C604,DQ_control_0604
C605,DQ_control_0605
C606,DQ_control_0606
C607,DQ_control_0607
C608,DQ_control_0608
C609,DQ_control_0609
C610,DQ_control_0610
C611,DQ_control_0611
C612,DQ_control_0612
C613,DQ_control_0613
C614,DQ_control_0614
C615,DQ_control_0615
C616,DQ_control_0616
C617,DQ_control_0617
C618,DQ_control_0618
C619,DQ_control_0619
C620,DQ_control_0620
C621,DQ_control_0621
C622,DQ_control_0622
C623,DQ_control_0623
C624,DQ_control_0624
C625,DQ_control_0625
C626,DQ_control_0626
C627,DQ_control_0627
C628,DQ_control_0628
C629,DQ_control_0629
C630,DQ_control_0630
C631,DQ_control_0631
C632,DQ_control_0632
C633,DQ_control_0633
C634,DQ_control_0634
C635,DQ_control_0635
C636,DQ_control_0636
C637,DQ_control_0637
C638,DQ_control_0638
C639,DQ_control_0639
C640,DQ_control_0640
C641,DQ_control_0641
C642,DQ_control_0642
C643,DQ_control_0643
C644,DQ_control_0644
C645,DQ_control_0645
C646,DQ_control_0646
C647,DQ_control_0647
C648,DQ_control_0648
C649,DQ_control_0649
C650,DQ_control_0650
C651,DQ_control_0651
C652,DQ_control_0652
C653,DQ_control_0653
C654,DQ_control_0654
C655,DQ_control_0655
C656,DQ_control_0656
C657,DQ_control_0657
C658,DQ_control_0658
C659,DQ_control_0659
C660,DQ_control_0660
C661,DQ_control_0661
C662,DQ_control_0662
C663,DQ_control_0663
C664,DQ_control_0664
C665,DQ_control_0665
C666,DQ_control_0666
C667,DQ_control_0667
C668,DQ_control_0668
C669,DQ_control_0669
C670,DQ_control_0670
C671,DQ_control_0671
C672,DQ_control_0672
C673,DQ_control_0673
C674,DQ_control_0674
C675,DQ_control_0675
C676,DQ_control_0676
C677,DQ_control_0677
C678,DQ_control_0678
C679,DQ_control_0679
C680,DQ_control_0680
C681,DQ_control_0681
C682,DQ_control_0682
C683,DQ_control_0683
C684,DQ_control_0684
C685,DQ_control_0685
C686,DQ_control_0686
C687,DQ_control_0687
C688,DQ_control_0688
C689,DQ_control_0689
C690,DQ_control_0690
C691,DQ_control_0691
C692,DQ_control_0692
C693,DQ_control_0693
C694,DQ_control_0694
C695,DQ_control_0695
C696,DQ_control_0696
C697,DQ_control_0697
C698,DQ_control_0698
C699,DQ_control_0699
C700,DQ_control_0700
C701,DQ_control_0701
C702,DQ_control_0702
C703,DQ_control_0703
C704,DQ_control_0704
C705,DQ_control_0705
C706,DQ_control_0706
C707,DQ_control_0707
C708,DQ_control_0708
C709,DQ_control_0709
C710,DQ_control_0710
C711,DQ_control_0711
C712,DQ_control_0712
C713,DQ_control_0713
C714,DQ_control_0714
C715,DQ_control_0715
C716,DQ_control_0716
C717,DQ_control_0717
C718,DQ_control_0718
C719,DQ_control_0719
C720,DQ_control_0720
C721,DQ_control_0721
C722,DQ_control_0722
C723,DQ_control_0723
C724,DQ_control_0724
C725,DQ_control_0725
C726,DQ_control_0726
C727,DQ_control_0727
C728,DQ_control_0728
C729,DQ_control_0729
C730,DQ_control_0730
C731,DQ_control_0731
C732,DQ_control_0732
C733,DQ_control_0733
C734,DQ_control_0734
C735,DQ_control_0735
C736,DQ_control_0736
C737,DQ_control_0737
C738,DQ_control_0738
C739,DQ_control_0739
C740,DQ_control_0740
C741,DQ_control_0741
C742,DQ_control_0742
C743,DQ_control_0743
C744,DQ_control_0744
C745,DQ_control_0745
C746,DQ_control_0746
C747,DQ_control_0747
C748,DQ_control_0748
C749,DQ_control_0749
C750,DQ_control_0750
C751,DQ_control_0751
C752,DQ_control_0752
C753,DQ_control_0753
C754,DQ_control_0754
C755,DQ_control_0755
C756,DQ_control_0756
C757,DQ_control_0757
C758,DQ_control_0758
C759,DQ_control_0759
C760,DQ_control_0760
C761,DQ_control_0761
C762,DQ_control_0762
C763,DQ_control_0763
C764,DQ_control_0764
C765,DQ_control_0765
C766,DQ_control_0766
C767,DQ_control_0767
C768,DQ_control_0768
C769,DQ_control_0769
C770,DQ_control_0770
C771,DQ_control_0771
C772,DQ_control_0772
C773,DQ_control_0773
C774,DQ_control_0774
C775,DQ_control_0775
C776,DQ_control_0776
C777,DQ_control_0777
C778,DQ_control_0778
C779,DQ_control_0779
C780,DQ_control_0780
C781,DQ_control_0781
C782,DQ_control_0782
C783,DQ_control_0783
C784,DQ_control_0784
C785,DQ_control_0785
C786,DQ_control_0786
C787,DQ_control_0787
C788,DQ_control_0788
C789,DQ_control_0789
C790,DQ_control_0790
C791,DQ_control_0791
C792,DQ_control_0792
C793,DQ_control_0793
C794,DQ_control_0794
C795,DQ_control_0795
C796,DQ_control_0796
C797,DQ_control_0797
C798,DQ_control_0798
C799,DQ_control_0799
C800,DQ_control_0800
C801,DQ_control_0801
C802,DQ_control_0802
C803,DQ_control_0803
C804,DQ_control_0804
C805,DQ_control_0805
C806,DQ_control_0806
C807,DQ_control_0807
C808,DQ_control_0808
C809,DQ_control_0809
C810,DQ_control_0810
C811,DQ_control_0811
C812,DQ_control_0812
C813,DQ_control_0813
C814,DQ_control_0814
C815,DQ_control_0815
C816,DQ_control_0816
C817,DQ_control_0817
C818,DQ_control_0818
C819,DQ_control_0819
C820,DQ_control_0820
C821,DQ_control_0821
C822,DQ_control_0822
C823,DQ_control_0823
C824,DQ_control_0824
C825,DQ_control_0825
C826,DQ_control_0826
C827,DQ_control_0827
C828,DQ_control_0828
C829,DQ_control_0829
C830,DQ_control_0830
C831,DQ_control_0831
C832,DQ_control_0832
C833,DQ_control_0833
C834,DQ_control_0834
C835,DQ_control_0835
C836,DQ_control_0836
C837,DQ_control_0837
C838,DQ_control_0838
C839,DQ_control_0839
C840,DQ_control_0840
C841,DQ_control_0841
C842,DQ_control_0842
C843,DQ_control_0843
C844,DQ_control_0844
C845,DQ_control_0845
C846,DQ_control_0846
C847,DQ_control_0847
C848,DQ_control_0848
C849,DQ_control_0849
C850,DQ_control_0850
C851,DQ_control_0851
C852,DQ_control_0852
C853,DQ_control_0853
C854,DQ_control_0854
C855,DQ_control_0855
C856,DQ_control_0856
C857,DQ_control_0857
C858,DQ_control_0858
C859,DQ_control_0859
C860,DQ_control_0860
C861,DQ_control_0861
C862,DQ_control_0862
C863,DQ_control_0863
C864,DQ_control_0864
C865,DQ_control_0865
C866,DQ_control_0866
C867,DQ_control_0867
C868,DQ_control_0868
C869,DQ_control_0869
C870,DQ_control_0870
C871,DQ_control_0871
C872,DQ_control_0872
C873,DQ_control_0873
C874,DQ_control_0874
C875,DQ_control_0875
C876,DQ_control_0876
C877,DQ_control_0877
C878,DQ_control_0878
C879,DQ_control_0879
C880,DQ_control_0880
C881,DQ_control_0881
C882,DQ_control_0882
C883,DQ_control_0883
C884,DQ_control_0884
C885,DQ_control_0885
C886,DQ_control_0886
C887,DQ_control_0887
C888,DQ_control_0888
C889,DQ_control_0889
C890,DQ_control_0890
C891,DQ_control_0891
C892,DQ_control_0892
C893,DQ_control_0893
C894,DQ_control_0894
C895,DQ_control_0895
C896,DQ_control_0896
C897,DQ_control_0897
C898,DQ_control_0898
C899,DQ_control_0899
