transformId,name
T0,transform_0000
T1,transform_0001
T2,transform_0002
T3,transform_0003
T4,transform_0004
T5,transform_0005
T6,transform_0006
T7,transform_0007
T8,transform_0008
T9,transform_0009
T10,transform_0010
T11,transform_0011
T12,transform_0012
T13,transform_0013
T14,transform_0014
T15,transform_0015
T16,transform_0016
T17,transform_0017
T18,transform_0018
T19,transform_0019
T20,transform_0020
T21,transform_0021
T22,transform_0022
T23,transform_0023
T24,transform_0024
T25,transform_0025
T26,transform_0026
T27,transform_0027
T28,transform_0028
T29,transform_0029
T30,transform_0030
T31,transform_0031
T32,transform_0032
T33,transform_0033
T34,transform_0034
T35,transform_0035
T36,transform_0036
T37,transform_0037
T38,transform_0038
T39,transform_0039
T40,transform_0040
T41,transform_0041
T42,transform_0042
T43,transform_0043
T44,transform_0044
T45,transform_0045
T46,transform_0046
T47,transform_0047
T48,transform_0048
T49,transform_0049
T50,transform_0050
T51,transform_0051
T52,transform_0052
T53,transform_0053
T54,transform_0054
T55,transform_0055
T56,transform_0056
T57,transform_0057
T58,transform_0058
T59,transform_0059
T60,transform_0060
T61,transform_0061
T62,transform_0062
T63,transform_0063
T64,transform_0064
T65,transform_0065
T66,transform_0066
T67,transform_0067
T68,transform_0068
T69,transform_0069
T70,transform_0070
T71,transform_0071
T72,transform_0072
T73,transform_0073
T74,transform_0074
T75,transform_0075
T76,transform_0076
T77,transform_0077
T78,transform_0078
T79,transform_0079
T80,transform_0080
T81,transform_0081
T82,transform_0082
T83,transform_0083
T84,transform_0084
T85,transform_0085
T86,transform_0086
T87,transform_0087
T88,transform_0088
T89,transform_0089
T90,transform_0090
T91,transform_0091
T92,transform_0092
T93,transform_0093
T94,transform_0094
T95,transform_0095
T96,transform_0096
T97,transform_0097
T98,transform_0098
T99,transform_0099
T100,transform_0100
T101,transform_0101
T102,transform_0102
T103,transform_0103
T104,transform_0104
T105,transform_0105
T106,transform_0106
T107,transform_0107
T108,transform_0108
T109,transform_0109
T110,transform_0110
T111,transform_0111
T112,transform_0112
T113,transform_0113
T114,transform_0114
T115,transform_0115
T116,transform_0116
T117,transform_0117
T118,transform_0118
T119,transform_0119
T120,transform_0120
T121,transform_0121
T122,transform_0122
T123,transform_0123
T124,transform_0124
T125,transform_0125
T126,transform_0126
T127,transform_0127
T128,transform_0128
T129,transform_0129
T130,transform_0130
T131,transform_0131
T132,transform_0132
T133,transform_0133
T134,transform_0134
T135,transform_0135
T136,transform_0136
T137,transform_0137
T138,transform_0138
T139,transform_0139
T140,transform_0140
T141,transform_0141
T142,transform_0142
T143,transform_0143
T144,transform_0144
T145,transform_0145
T146,transform_0146
T147,transform_0147
T148,transform_0148
T149,transform_0149
T150,transform_0150
T151,transform_0151
T152,transform_0152
T153,transform_0153
T154,transform_0154
T155,transform_0155
T156,transform_0156
T157,transform_0157
T158,transform_0158
T159,transform_0159
T160,transform_0160
T161,transform_0161
T162,transform_0162
T163,transform_0163
T164,transform_0164
T165,transform_0165
T166,transform_0166
T167,transform_0167
T168,transform_0168
T169,transform_0169
T170,transform_0170
T171,transform_0171
T172,transform_0172
T173,transform_0173
T174,transform_0174
T175,transform_0175
T176,transform_0176
T177,transform_0177
T178,transform_0178
T179,transform_0179
T180,transform_0180
T181,transform_0181
T182,transform_0182
T183,transform_0183
T184,transform_0184
T185,transform_0185
T186,transform_0186
T187,transform_0187
T188,transform_0188
T189,transform_0189
T190,transform_0190
T191,transform_0191
T192,transform_0192
T193,transform_0193
T194,transform_0194
T195,transform_0195
T196,transform_0196
T197,transform_0197
T198,transform_0198
T199,transform_0199
T200,transform_0200
T201,transform_0201
T202,transform_0202
T203,transform_0203
T204,transform_0204
T205,transform_0205
T206,transform_0206
T207,transform_0207
T208,transform_0208
T209,transform_0209
T210,transform_0210
T211,transform_0211
T212,transform_0212
T213,transform_0213
T214,transform_0214
T215,transform_0215
T216,transform_0216
T217,transform_0217
T218,transform_0218
T219,transform_0219
T220,transform_0220
T221,transform_0221
T222,transform_0222
T223,transform_0223
T224,transform_0224
T225,transform_0225
T226,transform_0226
T227,transform_0227
T228,transform_0228
T229,transform_0229
T230,transform_0230
T231,transform_0231
T232,transform_0232
T233,transform_0233
T234,transform_0234
T235,transform_0235
T236,transform_0236
T237,transform_0237
T238,transform_0238
T239,transform_0239
T240,transform_0240
T241,transform_0241
T242,transform_0242
T243,transform_0243
T244,transform_0244
T245,transform_0245
T246,transform_0246
T247,transform_0247
T248,transform_0248
T249,transform_0249
T250,transform_0250
T251,transform_0251
T252,transform_0252
T253,transform_0253
T254,transform_0254
T255,transform_0255
T256,transform_0256
T257,transform_0257
T258,transform_0258
T259,transform_0259
T260,transform_0260
T261,transform_0261
T262,transform_0262
T263,transform_0263
T264,transform_0264
T265,transform_0265
T266,transform_0266
T267,transform_0267
T268,transform_0268
T269,transform_0269
T270,transform_0270
T271,transform_0271
T272,transform_0272
T273,transform_0273
T274,transform_0274
T275,transform_0275
T276,transform_0276
T277,transform_0277
T278,transform_0278
T279,transform_0279
T280,transform_0280
T281,transform_0281
T282,transform_0282
T283,transform_0283
T284,transform_0284
T285,transform_0285
T286,transform_0286
T287,transform_0287
T288,transform_0288
T289,transform_0289
T290,transform_0290
T291,transform_0291
T292,transform_0292
T293,transform_0293
T294,transform_0294
T295,transform_0295
T296,transform_0296
T297,transform_0297
T298,transform_0298
T299,transform_0299
T300,transform_0300
T301,transform_0301
T302,transform_0302
T303,transform_0303
T304,transform_0304
T305,transform_0305
T306,transform_0306
T307,transform_0307
T308,transform_0308
T309,transform_0309
T310,transform_0310
T311,transform_0311
T312,transform_0312
T313,transform_0313
T314,transform_0314
T315,transform_0315
T316,transform_0316
T317,transform_0317
T318,transform_0318
T319,transform_0319
T320,transform_0320
T321,transform_0321
T322,transform_0322
T323,transform_0323
T324,transform_0324
T325,transform_0325
T326,transform_0326
T327,transform_0327
T328,transform_0328
T329,transform_0329
T330,transform_0330
T331,transform_0331
T332,transform_0332
T333,transform_0333
T334,transform_0334
T335,transform_0335
T336,transform_0336
T337,transform_0337
T338,transform_0338
T339,transform_0339
T340,transform_0340
T341,transform_0341
T342,transform_0342
T343,transform_0343
T344,transform_0344
T345,transform_0345
T346,transform_0346
T347,transform_0347
T348,transform_0348
T349,transform_0349
T350,transform_0350
T351,transform_0351
T352,transform_0352
T353,transform_0353
T354,transform_0354
T355,transform_0355
T356,transform_0356
T357,transform_0357
T358,transform_0358
T359,transform_0359
T360,transform_0360
T361,transform_0361
T362,transform_0362
T363,transform_0363
T364,transform_0364
T365,transform_0365
T366,transform_0366
T367,transform_0367
T368,transform_0368
T369,transform_0369
T370,transform_0370
T371,transform_0371
T372,transform_0372
T373,transform_0373
T374,transform_0374
T375,transform_0375
T376,transform_0376
T377,transform_0377
T378,transform_0378
T379,transform_0379
T380,transform_0380
T381,transform_0381
T382,transform_0382
T383,transform_0383
T384,transform_0384
T385,transform_0385
T386,transform_0386
T387,transform_0387
T388,transform_0388
T389,transform_0389
T390,transform_0390
T391,transform_0391
T392,transform_0392
T393,transform_0393
T394,transform_0394
T395,transform_0395
T396,transform_0396
T397,transform_0397
T398,transform_0398
T399,transform_0399
T400,transform_0400
T401,transform_0401
T402,transform_0402
T403,transform_0403
T404,transform_0404
T405,transform_0405
T406,transform_0406
T407,transform_0407
T408,transform_0408
T409,transform_0409
T410,transform_0410
T411,transform_0411
T412,transform_0412
T413,transform_0413
T414,transform_0414
T415,transform_0415
T416,transform_0416
T417,transform_0417
T418,transform_0418
T419,transform_0419
T420,transform_0420
T421,transform_0421
T422,transform_0422
T423,transform_0423
T424,transform_0424
T425,transform_0425
T426,transform_0426
T427,transform_0427
T428,transform_0428
T429,transform_0429
T430,transform_0430
T431,transform_0431
T432,transform_0432
T433,transform_0433
T434,transform_0434
T435,transform_0435
T436,transform_0436
T437,transform_0437
T438,transform_0438
T439,transform_0439
T440,transform_0440
T441,transform_0441
T442,transform_0442
T443,transform_0443
T444,transform_0444
T445,transform_0445
T446,transform_0446
T447,transform_0447
T448,transform_0448
T449,transform_0449
T450,transform_0450
T451,transform_0451
T452,transform_0452
T453,transform_0453
T454,transform_0454
T455,transform_0455
T456,transform_0456
T457,transform_0457
T458,transform_0458
T459,transform_0459
T460,transform_0460
T461,transform_0461
T462,transform_0462
T463,transform_0463
T464,transform_0464
T465,transform_0465
T466,transform_0466
T467,transform_0467
T468,transform_0468
T469,transform_0469
T470,transform_0470
T471,transform_0471
T472,transform_0472
T473,transform_0473
T474,transform_0474
T475,transform_0475
T476,transform_0476
T477,transform_0477
T478,transform_0478
T479,transform_0479
T480,transform_0480
T481,transform_0481
T482,transform_0482
T483,transform_0483
T484,transform_0484
T485,transform_0485
T486,transform_0486
T487,transform_0487
T488,transform_0488
T489,transform_0489
T490,transform_0490
T491,transform_0491
T492,transform_0492
T493,transform_0493
T494,transform_0494
T495,transform_0495
T496,transform_0496
T497,transform_0497
T498,transform_0498
T499,transform_0499
T500,transform_0500
T501,transform_0501
T502,transform_0502
T503,transform_0503
T504,transform_0504
T505,transform_0505
T506,transform_0506
T507,transform_0507
T508,transform_0508
T509,transform_0509
T510,transform_0510
T511,transform_0511
T512,transform_0512
T513,transform_0513
T514,transform_0514
T515,transform_0515
T516,transform_0516
T517,transform_0517
T518,transform_0518
T519,transform_0519
T520,transform_0520
T521,transform_0521
T522,transform_0522
T523,transform_0523
T524,transform_0524
T525,transform_0525
T526,transform_0526
T527,transform_0527
T528,transform_0528
T529,transform_0529
T530,transform_0530
T531,transform_0531
T532,transform_0532
T533,transform_0533
T534,transform_0534
T535,transform_0535
T536,transform_0536
T537,transform_0537
T538,transform_0538
T539,transform_0539
T540,transform_0540
T541,transform_0541
T542,transform_0542
T543,transform_0543
T544,transform_0544
T545,transform_0545
T546,transform_0546
T547,transform_0547
T548,transform_0548
T549,transform_0549
T550,transform_0550
T551,transform_0551
T552,transform_0552
T553,transform_0553
T554,transform_0554
T555,transform_0555
T556,transform_0556
T557,transform_0557
T558,transform_0558
T559,transform_0559
T560,transform_0560
T561,transform_0561
T562,transform_0562
T563,transform_0563
T564,transform_0564
T565,transform_0565
T566,transform_0566
T567,transform_0567
T568,transform_0568
T569,transform_0569
T570,transform_0570
T571,transform_0571
T572,transform_0572
T573,transform_0573
T574,transform_0574
T575,transform_0575
T576,transform_0576
T577,transform_0577
T578,transform_0578
T579,transform_0579
T580,transform_0580
T581,transform_0581
T582,transform_0582
T583,transform_0583
T584,transform_0584
T585,transform_0585
T586,transform_0586
T587,transform_0587
T588,transform_0588
T589,transform_0589
T590,transform_0590
T591,transform_0591
T592,transform_0592
T593,transform_0593
T594,transform_0594
T595,transform_0595
T596,transform_0596
T597,transform_0597
T598,transform_0598
T599,transform_0599
T600,transform_0600
T601,transform_0601
T602,transform_0602
T603,transform_0603
T604,transform_0604
T605,transform_0605
T606,transform_0606
T607,transform_0607
T608,transform_0608
T609,transform_0609
T610,transform_0610
T611,transform_0611
T612,transform_0612
T613,transform_0613
T614,transform_0614
T615,transform_0615
T616,transform_0616
T617,transform_0617
T618,transform_0618
T619,transform_0619
T620,transform_0620
T621,transform_0621
T622,transform_0622
T623,transform_0623
T624,transform_0624
T625,transform_0625
T626,transform_0626
T627,transform_0627
T628,transform_0628
T629,transform_0629
T630,transform_0630
T631,transform_0631
T632,transform_0632
T633,transform_0633
T634,transform_0634
T635,transform_0635
T636,transform_0636
T637,transform_0637
T638,transform_0638
T639,transform_0639
T640,transform_0640
T641,transform_0641
T642,transform_0642
T643,transform_0643
T644,transform_0644
T645,transform_0645
T646,transform_0646
T647,transform_0647
T648,transform_0648
T649,transform_0649
T650,transform_0650
T651,transform_0651
T652,transform_0652
T653,transform_0653
T654,transform_0654
T655,transform_0655
T656,transform_0656
T657,transform_0657
T658,transform_0658
T659,transform_0659
T660,transform_0660
T661,transform_0661
T662,transform_0662
T663,transform_0663
T664,transform_0664
T665,transform_0665
T666,transform_0666
T667,transform_0667
T668,transform_0668
T669,transform_0669
T670,transform_0670
T671,transform_0671
T672,transform_0672
T673,transform_0673
T674,transform_0674
T675,transform_0675
T676,transform_0676
T677,transform_0677
T678,transform_0678
T679,transform_0679
T680,transform_0680
T681,transform_0681
T682,transform_0682
T683,transform_0683
T684,transform_0684
T685,transform_0685
T686,transform_0686
T687,transform_0687
T688,transform_0688
T689,transform_0689
T690,transform_0690
T691,transform_0691
T692,transform_0692
T693,transform_0693
T694,transform_0694
T695,transform_0695
T696,transform_0696
T697,transform_0697
T698,transform_0698
T699,transform_0699
T700,transform_0700
T701,transform_0701
T702,transform_0702
T703,transform_0703
T704,transform_0704
T705,transform_0705
T706,transform_0706
T707,transform_0707
T708,transform_0708
T709,transform_0709
T710,transform_0710
T711,transform_0711
T712,transform_0712
T713,transform_0713
T714,transform_0714
T715,transform_0715
T716,transform_0716
T717,transform_0717
T718,transform_0718
T719,transform_0719
T720,transform_0720
T721,transform_0721
T722,transform_0722
T723,transform_0723
T724,transform_0724
T725,transform_0725
T726,transform_0726
T727,transform_0727
T728,transform_0728
T729,transform_0729
T730,transform_0730
T731,transform_0731
T732,transform_0732
T733,transform_0733
T734,transform_0734
T735,transform_0735
T736,transform_0736
T737,transform_0737
T738,transform_0738
T739,transform_0739
T740,transform_0740
T741,transform_0741
T742,transform_0742
T743,transform_0743
T744,transform_0744
T745,transform_0745
T746,transform_0746
T747,transform_0747
T748,transform_0748
T749,transform_0749
T750,transform_0750
T751,transform_0751
T752,transform_0752
T753,transform_0753
T754,transform_0754
T755,transform_0755
T756,transform_0756
T757,transform_0757
T758,transform_0758
T759,transform_0759
T760,transform_0760
T761,transform_0761
T762,transform_0762
T763,transform_0763
T764,transform_0764
T765,transform_0765
T766,transform_0766
T767,transform_0767
T768,transform_0768
T769,transform_0769
T770,transform_0770
T771,transform_0771
T772,transform_0772
T773,transform_0773
T774,transform_0774
T775,transform_0775
T776,transform_0776
T777,transform_0777
T778,transform_0778
T779,transform_0779
T780,transform_0780
T781,transform_0781
T782,transform_0782
T783,transform_0783
T784,transform_0784
T785,transform_0785
T786,transform_0786
T787,transform_0787
T788,transform_0788
T789,transform_0789
T790,transform_0790
T791,transform_0791
T792,transform_0792
T793,transform_0793
T794,transform_0794
T795,transform_0795
T796,transform_0796
T797,transform_0797
T798,transform_0798
T799,transform_0799
T800,transform_0800
T801,transform_0801
T802,transform_0802
T803,transform_0803
T804,transform_0804
T805,transform_0805
T806,transform_0806
T807,transform_0807
T808,transform_0808
T809,transform_0809
T810,transform_0810
T811,transform_0811
T812,transform_0812
T813,transform_0813
T814,transform_0814
T815,transform_0815
T816,transform_0816
T817,transform_0817
T818,transform_0818
T819,transform_0819
T820,transform_0820
T821,transform_0821
T822,transform_0822
T823,transform_0823
T824,transform_0824
T825,transform_0825
T826,transform_0826
T827,transform_0827
T828,transform_0828
T829,transform_0829
T830,transform_0830
T831,transform_0831
T832,transform_0832
T833,transform_0833
T834,transform_0834
T835,transform_0835
T836,transform_0836
T837,transform_0837
T838,transform_0838
T839,transform_0839
T840,transform_0840
T841,transform_0841
T842,transform_0842
T843,transform_0843
T844,transform_0844
T845,transform_0845
T846,transform_0846
T847,transform_0847
T848,transform_0848
T849,transform_0849
T850,transform_0850
T851,transform_0851
T852,transform_0852
T853,transform_0853
T854,transform_0854
T855,transform_0855
T856,transform_0856
T857,transform_0857
T858,transform_0858
T859,transform_0859
T860,transform_0860
T861,transform_0861
T862,transform_0862
T863,transform_0863
T864,transform_0864
T865,transform_0865
T866,transform_0866
T867,transform_0867
T868,transform_0868
T869,transform_0869
T870,transform_0870
T871,transform_0871
T872,transform_0872
T873,transform_0873
T874,transform_0874
T875,transform_0875
T876,transform_0876
T877,transform_0877
T878,transform_0878
T879,transform_0879
T880,transform_0880
T881,transform_0881
T882,transform_0882
T883,transform_0883
T884,transform_0884
T885,transform_0885
T886,transform_0886
T887,transform_0887
T888,transform_0888
T889,transform_0889
T890,transform_0890
T891,transform_0891
T892,transform_0892
T893,transform_0893
T894,transform_0894
T895,transform_0895
T896,transform_0896
T897,transform_0897
T898,transform_0898
T899,transform_0899
T900,transform_0900
T901,transform_0901
T902,transform_0902
T903,transform_0903
T904,transform_0904
T905,transform_0905
T906,transform_0906
T907,transform_0907
T908,transform_0908
T909,transform_0909
T910,transform_0910
T911,transform_0911
T912,transform_0912
T913,transform_0913
T914,transform_0914
T915,transform_0915
T916,transform_0916
T917,transform_0917
T918,transform_0918
T919,transform_0919
T920,transform_0920
T921,transform_0921
T922,transform_0922
T923,transform_0923
T924,transform_0924
T925,transform_0925
T926,transform_0926
T927,transform_0927
T928,transform_0928
T929,transform_0929
T930,transform_0930
T931,transform_0931
T932,transform_0932
T933,transform_0933
T934,transform_0934
T935,transform_0935
T936,transform_0936
T937,transform_0937
T938,transform_0938
T939,transform_0939
T940,transform_0940
T941,transform_0941
T942,transform_0942
T943,transform_0943
T944,transform_0944
T945,transform_0945
T946,transform_0946
T947,transform_0947
T948,transform_0948
T949,transform_0949
T950,transform_0950
T951,transform_0951
T952,transform_0952
T953,transform_0953
T954,transform_0954
T955,transform_0955
T956,transform_0956
T957,transform_0957
T958,transform_0958
T959,transform_0959
T960,transform_0960
T961,transform_0961
T962,transform_0962
T963,transform_0963
T964,transform_0964
T965,transform_0965
T966,transform_0966
T967,transform_0967
T968,transform_0968
T969,transform_0969
T970,transform_0970
T971,transform_0971
T972,transform_0972
T973,transform_0973
T974,transform_0974
T975,transform_0975
T976,transform_0976
T977,transform_0977
T978,transform_0978
T979,transform_0979
T980,transform_0980
T981,transform_0981
T982,transform_0982
T983,transform_0983
T984,transform_0984
T985,transform_0985
T986,transform_0986
T987,transform_0987
T988,transform_0988
T989,transform_0989
T990,transform_0990
T991,transform_0991
T992,transform_0992
T993,transform_0993
T994,transform_0994
T995,transform_0995
T996,transform_0996
T997,transform_0997
T998,transform_0998
T999,transform_0999
T1000,transform_1000
T1001,transform_1001
T1002,transform_1002
T1003,transform_1003
T1004,transform_1004
T1005,transform_1005
T1006,transform_1006
T1007,transform_1007
T1008,transform_1008
T1009,transform_1009
T1010,transform_1010
T1011,transform_1011
T1012,transform_1012
T1013,transform_1013
T1014,transform_1014
T1015,transform_1015
T1016,transform_1016
T1017,transform_1017
T1018,transform_1018
T1019,transform_1019
T1020,transform_1020
T1021,transform_1021
T1022,transform_1022
T1023,transform_1023
T1024,transform_1024
T1025,transform_1025
T1026,transform_1026
T1027,transform_1027
T1028,transform_1028
T1029,transform_1029
T1030,transform_1030
T1031,transform_1031
T1032,transform_1032
T1033,transform_1033
T1034,transform_1034
T1035,transform_1035
T1036,transform_1036
T1037,transform_1037
T1038,transform_1038
T1039,transform_1039
T1040,transform_1040
T1041,transform_1041
T1042,transform_1042
T1043,transform_1043
T1044,transform_1044
T1045,transform_1045
T1046,transform_1046
T1047,transform_1047
T1048,transform_1048
T1049,transform_1049
T1050,transform_1050
T1051,transform_1051
T1052,transform_1052
T1053,transform_1053
T1054,transform_1054
T1055,transform_1055
T1056,transform_1056
T1057,transform_1057
T1058,transform_1058
T1059,transform_1059
T1060,transform_1060
T1061,transform_1061
T1062,transform_1062
T1063,transform_1063
T1064,transform_1064
T1065,transform_1065
T1066,transform_1066
T1067,transform_1067
T1068,transform_1068
T1069,transform_1069
T1070,transform_1070
T1071,transform_1071
T1072,transform_1072
T1073,transform_1073
T1074,transform_1074
T1075,transform_1075
T1076,transform_1076
T1077,transform_1077
T1078,transform_1078
T1079,transform_1079
T1080,transform_1080
T1081,transform_1081
T1082,transform_1082
T1083,transform_1083
T1084,transform_1084
T1085,transform_1085
T1086,transform_1086
T1087,transform_1087
T1088,transform_1088
T1089,transform_1089
T1090,transform_1090
T1091,transform_1091
T1092,transform_1092
T1093,transform_1093
T1094,transform_1094
T1095,transform_1095
T1096,transform_1096
T1097,transform_1097
T1098,transform_1098
T1099,transform_1099
T1100,transform_1100
T1101,transform_1101
T1102,transform_1102
T1103,transform_1103
T1104,transform_1104
T1105,transform_1105
T1106,transform_1106
T1107,transform_1107
T1108,transform_1108
T1109,transform_1109
T1110,transform_1110
T1111,transform_1111
T1112,transform_1112
T1113,transform_1113
T1114,transform_1114
T1115,transform_1115
T1116,transform_1116
T1117,transform_1117
T1118,transform_1118
T1119,transform_1119
T1120,transform_1120
T1121,transform_1121
T1122,transform_1122
T1123,transform_1123
T1124,transform_1124
T1125,transform_1125
T1126,transform_1126
T1127,transform_1127
T1128,transform_1128
T1129,transform_1129
T1130,transform_1130
T1131,transform_1131
T1132,transform_1132
T1133,transform_1133
T1134,transform_1134
T1135,transform_1135
T1136,transform_1136
T1137,transform_1137
T1138,transform_1138
T1139,transform_1139
T1140,transform_1140
T1141,transform_1141
T1142,transform_1142
T1143,transform_1143
T1144,transform_1144
T1145,transform_1145
T1146,transform_1146
T1147,transform_1147
T1148,transform_1148
T1149,transform_1149
T1150,transform_1150
T1151,transform_1151
T1152,transform_1152
T1153,transform_1153
T1154,transform_1154
T1155,transform_1155
T1156,transform_1156
T1157,transform_1157
T1158,transform_1158
T1159,transform_1159
T1160,transform_1160
T1161,transform_1161
T1162,transform_1162
T1163,transform_1163
T1164,transform_1164
T1165,transform_1165
T1166,transform_1166
T1167,transform_1167
T1168,transform_1168
T1169,transform_1169
T1170,transform_1170
T1171,transform_1171
T1172,transform_1172
T1173,transform_1173
T1174,transform_1174
T1175,transform_1175
T1176,transform_1176
T1177,transform_1177
T1178,transform_1178
T1179,transform_1179
T1180,transform_1180
T1181,transform_1181
T1182,transform_1182
T1183,transform_1183
T1184,transform_1184
T1185,transform_1185
T1186,transform_1186
T1187,transform_1187
T1188,transform_1188
T1189,transform_1189
T1190,transform_1190
T1191,transform_1191
T1192,transform_1192
T1193,transform_1193
T1194,transform_1194
T1195,transform_1195
T1196,transform_1196
T1197,transform_1197
T1198,transform_1198
T1199,transform_1199
T1200,transform_1200
T1201,transform_1201
T1202,transform_1202
T1203,transform_1203
T1204,transform_1204
T1205,transform_1205
T1206,transform_1206
T1207,transform_1207
T1208,transform_1208
T1209,transform_1209
T1210,transform_1210
T1211,transform_1211
T1212,transform_1212
T1213,transform_1213
T1214,transform_1214
T1215,transform_1215
T1216,transform_1216
T1217,transform_1217
T1218,transform_1218
T1219,transform_1219
T1220,transform_1220
T1221,transform_1221
T1222,transform_1222
T1223,transform_1223
T1224,transform_1224
T1225,transform_1225
T1226,transform_1226
T1227,transform_1227
T1228,transform_1228
T1229,transform_1229
T1230,transform_1230
T1231,transform_1231
T1232,transform_1232
T1233,transform_1233
T1234,transform_1234
T1235,transform_1235
T1236,transform_1236
T1237,transform_1237
T1238,transform_1238
T1239,transform_1239
T1240,transform_1240
T1241,transform_1241
T1242,transform_1242
T1243,transform_1243
T1244,transform_1244
T1245,transform_1245
T1246,transform_1246
T1247,transform_1247
T1248,transform_1248
T1249,transform_1249
T1250,transform_1250
T1251,transform_1251
T1252,transform_1252
T1253,transform_1253
T1254,transform_1254
T1255,transform_1255
T1256,transform_1256
T1257,transform_1257
T1258,transform_1258
T1259,transform_1259
T1260,transform_1260
T1261,transform_1261
T1262,transform_1262
T1263,transform_1263
T1264,transform_1264
T1265,transform_1265
T1266,transform_1266
T1267,transform_1267
T1268,transform_1268
T1269,transform_1269
T1270,transform_1270
T1271,transform_1271
T1272,transform_1272
T1273,transform_1273
T1274,transform_1274
T1275,transform_1275
T1276,transform_1276
T1277,transform_1277
T1278,transform_1278
T1279,transform_1279
T1280,transform_1280
T1281,transform_1281
T1282,transform_1282
T1283,transform_1283
T1284,transform_1284
T1285,transform_1285
T1286,transform_1286
T1287,transform_1287
T1288,transform_1288
T1289,transform_1289
T1290,transform_1290
T1291,transform_1291
T1292,transform_1292
T1293,transform_1293
T1294,transform_1294
T1295,transform_1295
T1296,transform_1296
T1297,transform_1297
T1298,transform_1298
T1299,transform_1299
T1300,transform_1300
T1301,transform_1301
T1302,transform_1302
T1303,transform_1303
T1304,transform_1304
T1305,transform_1305
T1306,transform_1306
T1307,transform_1307
T1308,transform_1308
T1309,transform_1309
T1310,transform_1310
T1311,transform_1311
T1312,transform_1312
T1313,transform_1313
T1314,transform_1314
T1315,transform_1315
T1316,transform_1316
T1317,transform_1317
T1318,transform_1318
T1319,transform_1319
T1320,transform_1320
T1321,transform_1321
T1322,transform_1322
T1323,transform_1323
T1324,transform_1324
T1325,transform_1325
T1326,transform_1326
T1327,transform_1327
T1328,transform_1328
T1329,transform_1329
T1330,transform_1330
T1331,transform_1331
T1332,transform_1332
T1333,transform_1333
T1334,transform_1334
T1335,transform_1335
T1336,transform_1336
T1337,transform_1337
T1338,transform_1338
T1339,transform_1339
T1340,transform_1340
T1341,transform_1341
T1342,transform_1342
T1343,transform_1343
T1344,transform_1344
T1345,transform_1345
T1346,transform_1346
T1347,transform_1347
T1348,transform_1348
T1349,transform_1349
T1350,transform_1350
T1351,transform_1351
T1352,transform_1352
T1353,transform_1353
T1354,transform_1354
T1355,transform_1355
T1356,transform_1356
T1357,transform_1357
T1358,transform_1358
T1359,transform_1359
T1360,transform_1360
T1361,transform_1361
T1362,transform_1362
T1363,transform_1363
T1364,transform_1364
T1365,transform_1365
T1366,transform_1366
T1367,transform_1367
T1368,transform_1368
T1369,transform_1369
T1370,transform_1370
T1371,transform_1371
T1372,transform_1372
T1373,transform_1373
T1374,transform_1374
T1375,transform_1375
T1376,transform_1376
T1377,transform_1377
T1378,transform_1378
T1379,transform_1379
T1380,transform_1380
T1381,transform_1381
T1382,transform_1382
T1383,transform_1383
T1384,transform_1384
T1385,transform_1385
T1386,transform_1386
T1387,transform_1387
T1388,transform_1388
T1389,transform_1389
T1390,transform_1390
T1391,transform_1391
T1392,transform_1392
T1393,transform_1393
T1394,transform_1394
T1395,transform_1395
T1396,transform_1396
T1397,transform_1397
T1398,transform_1398
T1399,transform_1399
T1400,transform_1400
T1401,transform_1401
T1402,transform_1402
T1403,transform_1403
T1404,transform_1404
T1405,transform_1405
T1406,transform_1406
T1407,transform_1407
T1408,transform_1408
T1409,transform_1409
T1410,transform_1410
T1411,transform_1411
T1412,transform_1412
T1413,transform_1413
T1414,transform_1414
T1415,transform_1415
T1416,transform_1416
T1417,transform_1417
T1418,transform_1418
T1419,transform_1419
T1420,transform_1420
T1421,transform_1421
T1422,transform_1422
T1423,transform_1423
T1424,transform_1424
T1425,transform_1425
T1426,transform_1426
T1427,transform_1427
T1428,transform_1428
T1429,transform_1429
T1430,transform_1430
T1431,transform_1431
T1432,transform_1432
T1433,transform_1433
T1434,transform_1434
T1435,transform_1435
T1436,transform_1436
T1437,transform_1437
T1438,transform_1438
T1439,transform_1439
T1440,transform_1440
T1441,transform_1441
T1442,transform_1442
T1443,transform_1443
T1444,transform_1444
T1445,transform_1445
T1446,transform_1446
T1447,transform_1447
T1448,transform_1448
T1449,transform_1449
T1450,transform_1450
T1451,transform_1451
T1452,transform_1452
T1453,transform_1453
T1454,transform_1454
T1455,transform_1455
T1456,transform_1456
T1457,transform_1457
T1458,transform_1458
T1459,transform_1459
T1460,transform_1460
T1461,transform_1461
T1462,transform_1462
T1463,transform_1463
T1464,transform_1464
T1465,transform_1465
T1466,transform_1466
T1467,transform_1467
T1468,transform_1468
T1469,transform_1469
T1470,transform_1470
T1471,transform_1471
T1472,transform_1472
T1473,transform_1473
T1474,transform_1474
T1475,transform_1475
T1476,transform_1476
T1477,transform_1477
T1478,transform_1478
T1479,transform_1479
T1480,transform_1480
T1481,transform_1481
T1482,transform_1482
T1483,transform_1483
T1484,transform_1484
T1485,transform_1485
T1486,transform_1486
T1487,transform_1487
T1488,transform_1488
T1489,transform_1489
T1490,transform_1490
T1491,transform_1491
T1492,transform_1492
T1493,transform_1493
T1494,transform_1494
T1495,transform_1495
T1496,transform_1496
T1497,transform_1497
T1498,transform_1498
T1499,transform_1499
T1500,transform_1500
T1501,transform_1501
T1502,transform_1502
T1503,transform_1503
T1504,transform_1504
T1505,transform_1505
T1506,transform_1506
T1507,transform_1507
T1508,transform_1508
T1509,transform_1509
T1510,transform_1510
T1511,transform_1511
T1512,transform_1512
T1513,transform_1513
T1514,transform_1514
T1515,transform_1515
T1516,transform_1516
T1517,transform_1517
T1518,transform_1518
T1519,transform_1519
T1520,transform_1520
T1521,transform_1521
T1522,transform_1522
T1523,transform_1523
T1524,transform_1524
T1525,transform_1525
T1526,transform_1526
T1527,transform_1527
T1528,transform_1528
T1529,transform_1529
T1530,transform_1530
T1531,transform_1531
T1532,transform_1532
T1533,transform_1533
T1534,transform_1534
T1535,transform_1535
T1536,transform_1536
T1537,transform_1537
T1538,transform_1538
T1539,transform_1539
T1540,transform_1540
T1541,transform_1541
T1542,transform_1542
T1543,transform_1543
T1544,transform_1544
T1545,transform_1545
T1546,transform_1546
T1547,transform_1547
T1548,transform_1548
T1549,transform_1549
T1550,transform_1550
T1551,transform_1551
T1552,transform_1552
T1553,transform_1553
T1554,transform_1554
T1555,transform_1555
T1556,transform_1556
T1557,transform_1557
T1558,transform_1558
T1559,transform_1559
T1560,transform_1560
T1561,transform_1561
T1562,transform_1562
T1563,transform_1563
T1564,transform_1564
T1565,transform_1565
T1566,transform_1566
T1567,transform_1567
T1568,transform_1568
T1569,transform_1569
T1570,transform_1570
T1571,transform_1571
T1572,transform_1572
T1573,transform_1573
T1574,transform_1574
T1575,transform_1575
T1576,transform_1576
T1577,transform_1577
T1578,transform_1578
T1579,transform_1579
T1580,transform_1580
T1581,transform_1581
T1582,transform_1582
T1583,transform_1583
T1584,transform_1584
T1585,transform_1585
T1586,transform_1586
T1587,transform_1587
T1588,transform_1588
T1589,transform_1589
T1590,transform_1590
T1591,transform_1591
T1592,transform_1592
T1593,transform_1593
T1594,transform_1594
T1595,transform_1595
T1596,transform_1596
T1597,transform_1597
T1598,transform_1598
T1599,transform_1599
T1600,transform_1600
T1601,transform_1601
T1602,transform_1602
T1603,transform_1603
T1604,transform_1604
T1605,transform_1605
T1606,transform_1606
T1607,transform_1607
T1608,transform_1608
T1609,transform_1609
T1610,transform_1610
T1611,transform_1611
T1612,transform_1612
T1613,transform_1613
T1614,transform_1614
T1615,transform_1615
T1616,transform_1616
T1617,transform_1617
T1618,transform_1618
T1619,transform_1619
T1620,transform_1620
T1621,transform_1621
T1622,transform_1622
T1623,transform_1623
T1624,transform_1624
T1625,transform_1625
T1626,transform_1626
T1627,transform_1627
T1628,transform_1628
T1629,transform_1629
T1630,transform_1630
T1631,transform_1631
T1632,transform_1632
T1633,transform_1633
T1634,transform_1634
T1635,transform_1635
T1636,transform_1636
T1637,transform_1637
T1638,transform_1638
T1639,transform_1639
T1640,transform_1640
T1641,transform_1641
T1642,transform_1642
T1643,transform_1643
T1644,transform_1644
T1645,transform_1645
T1646,transform_1646
T1647,transform_1647
T1648,transform_1648
T1649,transform_1649
T1650,transform_1650
T1651,transform_1651
T1652,transform_1652
T1653,transform_1653
T1654,transform_1654
T1655,transform_1655
T1656,transform_1656
T1657,transform_1657
T1658,transform_1658
T1659,transform_1659
T1660,transform_1660
T1661,transform_1661
T1662,transform_1662
T1663,transform_1663
T1664,transform_1664
T1665,transform_1665
T1666,transform_1666
T1667,transform_1667
T1668,transform_1668
T1669,transform_1669
T1670,transform_1670
T1671,transform_1671
T1672,transform_1672
T1673,transform_1673
T1674,transform_1674
T1675,transform_1675
T1676,transform_1676
T1677,transform_1677
T1678,transform_1678
T1679,transform_1679
T1680,transform_1680
T1681,transform_1681
T1682,transform_1682
T1683,transform_1683
T1684,transform_1684
T1685,transform_1685
T1686,transform_1686
T1687,transform_1687
T1688,transform_1688
T1689,transform_1689
T1690,transform_1690
T1691,transform_1691
T1692,transform_1692
T1693,transform_1693
T1694,transform_1694
T1695,transform_1695
T1696,transform_1696
T1697,transform_1697
T1698,transform_1698
T1699,transform_1699
T1700,transform_1700
T1701,transform_1701
T1702,transform_1702
T1703,transform_1703
T1704,transform_1704
T1705,transform_1705
T1706,transform_1706
T1707,transform_1707
T1708,transform_1708
T1709,transform_1709
T1710,transform_1710
T1711,transform_1711
T1712,transform_1712
T1713,transform_1713
T1714,transform_1714
T1715,transform_1715
T1716,transform_1716
T1717,transform_1717
T1718,transform_1718
T1719,transform_1719
T1720,transform_1720
T1721,transform_1721
T1722,transform_1722
T1723,transform_1723
T1724,transform_1724
T1725,transform_1725
T1726,transform_1726
T1727,transform_1727
T1728,transform_1728
T1729,transform_1729
T1730,transform_1730
T1731,transform_1731
T1732,transform_1732
T1733,transform_1733
T1734,transform_1734
T1735,transform_1735
T1736,transform_1736
T1737,transform_1737
T1738,transform_1738
T1739,transform_1739
T1740,transform_1740
T1741,transform_1741
T1742,transform_1742
T1743,transform_1743
T1744,transform_1744
T1745,transform_1745
T1746,transform_1746
T1747,transform_1747
T1748,transform_1748
T1749,transform_1749
T1750,transform_1750
T1751,transform_1751
T1752,transform_1752
T1753,transform_1753
T1754,transform_1754
T1755,transform_1755
T1756,transform_1756
T1757,transform_1757
T1758,transform_1758
T1759,transform_1759
T1760,transform_1760
T1761,transform_1761
T1762,transform_1762
T1763,transform_1763
T1764,transform_1764
T1765,transform_1765
T1766,transform_1766
T1767,transform_1767
T1768,transform_1768
T1769,transform_1769
T1770,transform_1770
T1771,transform_1771
T1772,transform_1772
T1773,transform_1773
T1774,transform_1774
T1775,transform_1775
T1776,transform_1776
T1777,transform_1777
T1778,transform_1778
T1779,transform_1779
T1780,transform_1780
T1781,transform_1781
T1782,transform_1782
T1783,transform_1783
T1784,transform_1784
T1785,transform_1785
T1786,transform_1786
T1787,transform_1787
T1788,transform_1788
T1789,transform_1789
T1790,transform_1790
T1791,transform_1791
T1792,transform_1792
T1793,transform_1793
T1794,transform_1794
T1795,transform_1795
T1796,transform_1796
T1797,transform_1797
T1798,transform_1798
T1799,transform_1799
T1800,transform_1800
T1801,transform_1801
T1802,transform_1802
T1803,transform_1803
T1804,transform_1804
T1805,transform_1805
T1806,transform_1806
T1807,transform_1807
T1808,transform_1808
T1809,transform_1809
T1810,transform_1810
T1811,transform_1811
T1812,transform_1812
T1813,transform_1813
T1814,transform_1814
T1815,transform_1815
T1816,transform_1816
T1817,transform_1817
T1818,transform_1818
T1819,transform_1819
T1820,transform_1820
T1821,transform_1821
T1822,transform_1822
T1823,transform_1823
T1824,transform_1824
T1825,transform_1825
T1826,transform_1826
T1827,transform_1827
T1828,transform_1828
T1829,transform_1829
T1830,transform_1830
T1831,transform_1831
T1832,transform_1832
T1833,transform_1833
T1834,transform_1834
T1835,transform_1835
T1836,transform_1836
T1837,transform_1837
T1838,transform_1838
T1839,transform_1839
T1840,transform_1840
T1841,transform_1841
T1842,transform_1842
T1843,transform_1843
T1844,transform_1844
T1845,transform_1845
T1846,transform_1846
T1847,transform_1847
T1848,transform_1848
T1849,transform_1849
T1850,transform_1850
T1851,transform_1851
T1852,transform_1852
T1853,transform_1853
T1854,transform_1854
T1855,transform_1855
T1856,transform_1856
T1857,transform_1857
T1858,transform_1858
T1859,transform_1859
T1860,transform_1860
T1861,transform_1861
T1862,transform_1862
T1863,transform_1863
T1864,transform_1864
T1865,transform_1865
T1866,transform_1866
T1867,transform_1867
T1868,transform_1868
T1869,transform_1869
T1870,transform_1870
T1871,transform_1871
T1872,transform_1872
T1873,transform_1873
T1874,transform_1874
T1875,transform_1875
T1876,transform_1876
T1877,transform_1877
T1878,transform_1878
T1879,transform_1879
T1880,transform_1880
T1881,transform_1881
T1882,transform_1882
T1883,transform_1883
T1884,transform_1884
T1885,transform_1885
T1886,transform_1886
T1887,transform_1887
T1888,transform_1888
T1889,transform_1889
T1890,transform_1890
T1891,transform_1891
T1892,transform_1892
T1893,transform_1893
T1894,transform_1894
T1895,transform_1895
T1896,transform_1896
T1897,transform_1897
T1898,transform_1898
T1899,transform_1899
T1900,transform_1900
T1901,transform_1901
T1902,transform_1902
T1903,transform_1903
T1904,transform_1904
T1905,transform_1905
T1906,transform_1906
T1907,transform_1907
T1908,transform_1908
T1909,transform_1909
T1910,transform_1910
T1911,transform_1911
T1912,transform_1912
T1913,transform_1913
T1914,transform_1914
T1915,transform_1915
T1916,transform_1916
T1917,transform_1917
T1918,transform_1918
T1919,transform_1919
T1920,transform_1920
T1921,transform_1921
T1922,transform_1922
T1923,transform_1923
T1924,transform_1924
T1925,transform_1925
T1926,transform_1926
T1927,transform_1927
T1928,transform_1928
T1929,transform_1929
T1930,transform_1930
T1931,transform_1931
T1932,transform_1932
T1933,transform_1933
T1934,transform_1934
T1935,transform_1935
T1936,transform_1936
T1937,transform_1937
T1938,transform_1938
T1939,transform_1939
T1940,transform_1940
T1941,transform_1941
T1942,transform_1942
T1943,transform_1943
T1944,transform_1944
T1945,transform_1945
T1946,transform_1946
T1947,transform_1947
T1948,transform_1948
T1949,transform_1949
T1950,transform_1950
T1951,transform_1951
T1952,transform_1952
T1953,transform_1953
T1954,transform_1954
T1955,transform_1955
T1956,transform_1956
T1957,transform_1957
T1958,transform_1958
T1959,transform_1959
T1960,transform_1960
T1961,transform_1961
T1962,transform_1962
T1963,transform_1963
T1964,transform_1964
T1965,transform_1965
T1966,transform_1966
T1967,transform_1967
T1968,transform_1968
T1969,transform_1969
T1970,transform_1970
T1971,transform_1971
T1972,transform_1972
T1973,transform_1973
T1974,transform_1974
T1975,transform_1975
T1976,transform_1976
T1977,transform_1977
T1978,transform_1978
T1979,transform_1979
T1980,transform_1980
T1981,transform_1981
T1982,transform_1982
T1983,transform_1983
T1984,transform_1984
T1985,transform_1985
T1986,transform_1986
T1987,transform_1987
T1988,transform_1988
T1989,transform_1989
T1990,transform_1990
T1991,transform_1991
T1992,transform_1992
T1993,transform_1993
T1994,transform_1994
T1995,transform_1995
T1996,transform_1996
T1997,transform_1997
T1998,transform_1998
T1999,transform_1999
T2000,transform_2000
T2001,transform_2001
T2002,transform_2002
T2003,transform_2003
T2004,transform_2004
T2005,transform_2005
T2006,transform_2006
T2007,transform_2007
T2008,transform_2008
T2009,transform_2009
T2010,transform_2010
T2011,transform_2011
T2012,transform_2012
T2013,transform_2013
T2014,transform_2014
T2015,transform_2015
T2016,transform_2016
T2017,transform_2017
T2018,transform_2018
T2019,transform_2019
T2020,transform_2020
T2021,transform_2021
T2022,transform_2022
T2023,transform_2023
T2024,transform_2024
T2025,transform_2025
T2026,transform_2026
T2027,transform_2027
T2028,transform_2028
T2029,transform_2029
T2030,transform_2030
T2031,transform_2031
T2032,transform_2032
T2033,transform_2033
T2034,transform_2034
T2035,transform_2035
T2036,transform_2036
T2037,transform_2037
T2038,transform_2038
T2039,transform_2039
T2040,transform_2040
T2041,transform_2041
T2042,transform_2042
T2043,transform_2043
T2044,transform_2044
T2045,transform_2045
T2046,transform_2046
T2047,transform_2047
T2048,transform_2048
T2049,transform_2049
T2050,transform_2050
T2051,transform_2051
T2052,transform_2052
T2053,transform_2053
T2054,transform_2054
T2055,transform_2055
T2056,transform_2056
T2057,transform_2057
T2058,transform_2058
T2059,transform_2059
T2060,transform_2060
T2061,transform_2061
T2062,transform_2062
T2063,transform_2063
T2064,transform_2064
T2065,transform_2065
T2066,transform_2066
T2067,transform_2067
T2068,transform_2068
T2069,transform_2069
T2070,transform_2070
T2071,transform_2071
T2072,transform_2072
T2073,transform_2073
T2074,transform_2074
T2075,transform_2075
T2076,transform_2076
T2077,transform_2077
T2078,transform_2078
T2079,transform_2079
T2080,transform_2080
T2081,transform_2081
T2082,transform_2082
T2083,transform_2083
T2084,transform_2084
T2085,transform_2085
T2086,transform_2086
T2087,transform_2087
T2088,transform_2088
T2089,transform_2089
T2090,transform_2090
T2091,transform_2091
T2092,transform_2092
T2093,transform_2093
T2094,transform_2094
T2095,transform_2095
T2096,transform_2096
T2097,transform_2097
T2098,transform_2098
T2099,transform_2099
T2100,transform_2100
T2101,transform_2101
T2102,transform_2102
T2103,transform_2103
T2104,transform_2104
T2105,transform_2105
T2106,transform_2106
T2107,transform_2107
T2108,transform_2108
T2109,transform_2109
T2110,transform_2110
T2111,transform_2111
T2112,transform_2112
T2113,transform_2113
T2114,transform_2114
T2115,transform_2115
T2116,transform_2116
T2117,transform_2117
T2118,transform_2118
T2119,transform_2119
T2120,transform_2120
T2121,transform_2121
T2122,transform_2122
T2123,transform_2123
T2124,transform_2124
T2125,transform_2125
T2126,transform_2126
T2127,transform_2127
T2128,transform_2128
T2129,transform_2129
T2130,transform_2130
T2131,transform_2131
T2132,transform_2132
T2133,transform_2133
T2134,transform_2134
T2135,transform_2135
T2136,transform_2136
T2137,transform_2137
T2138,transform_2138
T2139,transform_2139
T2140,transform_2140
T2141,transform_2141
T2142,transform_2142
T2143,transform_2143
T2144,transform_2144
T2145,transform_2145
T2146,transform_2146
T2147,transform_2147
T2148,transform_2148
T2149,transform_2149
T2150,transform_2150
T2151,transform_2151
T2152,transform_2152
T2153,transform_2153
T2154,transform_2154
T2155,transform_2155
T2156,transform_2156
T2157,transform_2157
T2158,transform_2158
T2159,transform_2159
T2160,transform_2160
T2161,transform_2161
T2162,transform_2162
T2163,transform_2163
T2164,transform_2164
T2165,transform_2165
T2166,transform_2166
T2167,transform_2167
T2168,transform_2168
T2169,transform_2169
T2170,transform_2170
T2171,transform_2171
T2172,transform_2172
T2173,transform_2173
T2174,transform_2174
T2175,transform_2175
T2176,transform_2176
T2177,transform_2177
T2178,transform_2178
T2179,transform_2179
T2180,transform_2180
T2181,transform_2181
T2182,transform_2182
T2183,transform_2183
T2184,transform_2184
T2185,transform_2185
T2186,transform_2186
T2187,transform_2187
T2188,transform_2188
T2189,transform_2189
T2190,transform_2190
T2191,transform_2191
T2192,transform_2192
T2193,transform_2193
T2194,transform_2194
T2195,transform_2195
T2196,transform_2196
T2197,transform_2197
T2198,transform_2198
T2199,transform_2199
T2200,transform_2200
T2201,transform_2201
T2202,transform_2202
T2203,transform_2203
T2204,transform_2204
T2205,transform_2205
T2206,transform_2206
T2207,transform_2207
T2208,transform_2208
T2209,transform_2209
T2210,transform_2210
T2211,transform_2211
T2212,transform_2212
T2213,transform_2213
T2214,transform_2214
T2215,transform_2215
T2216,transform_2216
T2217,transform_2217
T2218,transform_2218
T2219,transform_2219
T2220,transform_2220
T2221,transform_2221
T2222,transform_2222
T2223,transform_2223
T2224,transform_2224
T2225,transform_2225
T2226,transform_2226
T2227,transform_2227
T2228,transform_2228
T2229,transform_2229
T2230,transform_2230
T2231,transform_2231
T2232,transform_2232
T2233,transform_2233
T2234,transform_2234
T2235,transform_2235
T2236,transform_2236
T2237,transform_2237
T2238,transform_2238
T2239,transform_2239
T2240,transform_2240
T2241,transform_2241
T2242,transform_2242
T2243,transform_2243
T2244,transform_2244
T2245,transform_2245
T2246,transform_2246
T2247,transform_2247
T2248,transform_2248
T2249,transform_2249
T2250,transform_2250
T2251,transform_2251
T2252,transform_2252
T2253,transform_2253
T2254,transform_2254
T2255,transform_2255
T2256,transform_2256
T2257,transform_2257
T2258,transform_2258
T2259,transform_2259
T2260,transform_2260
T2261,transform_2261
T2262,transform_2262
T2263,transform_2263
T2264,transform_2264
T2265,transform_2265
T2266,transform_2266
T2267,transform_2267
T2268,transform_2268
T2269,transform_2269
T2270,transform_2270
T2271,transform_2271
T2272,transform_2272
T2273,transform_2273
T2274,transform_2274
T2275,transform_2275
T2276,transform_2276
T2277,transform_2277
T2278,transform_2278
T2279,transform_2279
T2280,transform_2280
T2281,transform_2281
T2282,transform_2282
T2283,transform_2283
T2284,transform_2284
T2285,transform_2285
T2286,transform_2286
T2287,transform_2287
T2288,transform_2288
T2289,transform_2289
T2290,transform_2290
T2291,transform_2291
T2292,transform_2292
T2293,transform_2293
T2294,transform_2294
T2295,transform_2295
T2296,transform_2296
T2297,transform_2297
T2298,transform_2298
T2299,transform_2299
T2300,transform_2300
T2301,transform_2301
T2302,transform_2302
T2303,transform_2303
T2304,transform_2304
T2305,transform_2305
T2306,transform_2306
T2307,transform_2307
T2308,transform_2308
T2309,transform_2309
T2310,transform_2310
T2311,transform_2311
T2312,transform_2312
T2313,transform_2313
T2314,transform_2314
T2315,transform_2315
T2316,transform_2316
T2317,transform_2317
T2318,transform_2318
T2319,transform_2319
T2320,transform_2320
T2321,transform_2321
T2322,transform_2322
T2323,transform_2323
T2324,transform_2324
T2325,transform_2325
T2326,transform_2326
T2327,transform_2327
T2328,transform_2328
T2329,transform_2329
T2330,transform_2330
T2331,transform_2331
T2332,transform_2332
T2333,transform_2333
T2334,transform_2334
T2335,transform_2335
T2336,transform_2336
T2337,transform_2337
T2338,transform_2338
T2339,transform_2339
T2340,transform_2340
T2341,transform_2341
T2342,transform_2342
T2343,transform_2343
T2344,transform_2344
T2345,transform_2345
T2346,transform_2346
T2347,transform_2347
T2348,transform_2348
T2349,transform_2349
T2350,transform_2350
T2351,transform_2351
T2352,transform_2352
T2353,transform_2353
T2354,transform_2354
T2355,transform_2355
T2356,transform_2356
T2357,transform_2357
T2358,transform_2358
T2359,transform_2359
T2360,transform_2360
T2361,transform_2361
T2362,transform_2362
T2363,transform_2363
T2364,transform_2364
T2365,transform_2365
T2366,transform_2366
T2367,transform_2367
T2368,transform_2368
T2369,transform_2369
T2370,transform_2370
T2371,transform_2371
T2372,transform_2372
T2373,transform_2373
T2374,transform_2374
T2375,transform_2375
T2376,transform_2376
T2377,transform_2377
T2378,transform_2378
T2379,transform_2379
T2380,transform_2380
T2381,transform_2381
T2382,transform_2382
T2383,transform_2383
T2384,transform_2384
T2385,transform_2385
T2386,transform_2386
T2387,transform_2387
T2388,transform_2388
T2389,transform_2389
T2390,transform_2390
T2391,transform_2391
T2392,transform_2392
T2393,transform_2393
T2394,transform_2394
T2395,transform_2395
T2396,transform_2396
T2397,transform_2397
T2398,transform_2398
T2399,transform_2399
T2400,transform_2400
T2401,transform_2401
T2402,transform_2402
T2403,transform_2403
T2404,transform_2404
T2405,transform_2405
T2406,transform_2406
T2407,transform_2407
T2408,transform_2408
T2409,transform_2409
T2410,transform_2410
T2411,transform_2411
T2412,transform_2412
T2413,transform_2413
T2414,transform_2414
T2415,transform_2415
T2416,transform_2416
T2417,transform_2417
T2418,transform_2418
T2419,transform_2419
T2420,transform_2420
T2421,transform_2421
T2422,transform_2422
T2423,transform_2423
T2424,transform_2424
T2425,transform_2425
T2426,transform_2426
T2427,transform_2427
T2428,transform_2428
T2429,transform_2429
T2430,transform_2430
T2431,transform_2431
T2432,transform_2432
T2433,transform_2433
T2434,transform_2434
T2435,transform_2435
T2436,transform_2436
T2437,transform_2437
T2438,transform_2438
T2439,transform_2439
T2440,transform_2440
T2441,transform_2441
T2442,transform_2442
T2443,transform_2443
T2444,transform_2444
T2445,transform_2445
T2446,transform_2446
T2447,transform_2447
T2448,transform_2448
T2449,transform_2449
T2450,transform_2450
T2451,transform_2451
T2452,transform_2452
T2453,transform_2453
T2454,transform_2454
T2455,transform_2455
T2456,transform_2456
T2457,transform_2457
T2458,transform_2458
T2459,transform_2459
T2460,transform_2460
T2461,transform_2461
T2462,transform_2462
T2463,transform_2463
T2464,transform_2464
T2465,transform_2465
T2466,transform_2466
T2467,transform_2467
T2468,transform_2468
T2469,transform_2469
T2470,transform_2470
T2471,transform_2471
T2472,transform_2472
T2473,transform_2473
T2474,transform_2474
T2475,transform_2475
T2476,transform_2476
T2477,transform_2477
T2478,transform_2478
T2479,transform_2479
T2480,transform_2480
T2481,transform_2481
T2482,transform_2482
T2483,transform_2483
T2484,transform_2484
T2485,transform_2485
T2486,transform_2486
T2487,transform_2487
T2488,transform_2488
T2489,transform_2489
T2490,transform_2490
T2491,transform_2491
T2492,transform_2492
T2493,transform_2493
T2494,transform_2494
T2495,transform_2495
T2496,transform_2496
T2497,transform_2497
T2498,transform_2498
T2499,transform_2499
T2500,transform_2500
T2501,transform_2501
T2502,transform_2502
T2503,transform_2503
T2504,transform_2504
T2505,transform_2505
T2506,transform_2506
T2507,transform_2507
T2508,transform_2508
T2509,transform_2509
T2510,transform_2510
T2511,transform_2511
T2512,transform_2512
T2513,transform_2513
T2514,transform_2514
T2515,transform_2515
T2516,transform_2516
T2517,transform_2517
T2518,transform_2518
T2519,transform_2519
T2520,transform_2520
T2521,transform_2521
T2522,transform_2522
T2523,transform_2523
T2524,transform_2524
T2525,transform_2525
T2526,transform_2526
T2527,transform_2527
T2528,transform_2528
T2529,transform_2529
T2530,transform_2530
T2531,transform_2531
T2532,transform_2532
T2533,transform_2533
T2534,transform_2534
T2535,transform_2535
T2536,transform_2536
T2537,transform_2537
T2538,transform_2538
T2539,transform_2539
T2540,transform_2540
T2541,transform_2541
T2542,transform_2542
T2543,transform_2543
T2544,transform_2544
T2545,transform_2545
T2546,transform_2546
T2547,transform_2547
T2548,transform_2548
T2549,transform_2549
T2550,transform_2550
T2551,transform_2551
T2552,transform_2552
T2553,transform_2553
T2554,transform_2554
T2555,transform_2555
T2556,transform_2556
T2557,transform_2557
T2558,transform_2558
T2559,transform_2559
T2560,transform_2560
T2561,transform_2561
T2562,transform_2562
T2563,transform_2563
T2564,transform_2564
T2565,transform_2565
T2566,transform_2566
T2567,transform_2567
T2568,transform_2568
T2569,transform_2569
T2570,transform_2570
T2571,transform_2571
T2572,transform_2572
T2573,transform_2573
T2574,transform_2574
T2575,transform_2575
T2576,transform_2576
T2577,transform_2577
T2578,transform_2578
T2579,transform_2579
T2580,transform_2580
T2581,transform_2581
T2582,transform_2582
T2583,transform_2583
T2584,transform_2584
T2585,transform_2585
T2586,transform_2586
T2587,transform_2587
T2588,transform_2588
T2589,transform_2589
T2590,transform_2590
T2591,transform_2591
T2592,transform_2592
T2593,transform_2593
T2594,transform_2594
T2595,transform_2595
T2596,transform_2596
T2597,transform_2597
T2598,transform_2598
T2599,transform_2599
T2600,transform_2600
T2601,transform_2601
T2602,transform_2602
T2603,transform_2603
T2604,transform_2604
T2605,transform_2605
T2606,transform_2606
T2607,transform_2607
T2608,transform_2608
T2609,transform_2609
T2610,transform_2610
T2611,transform_2611
T2612,transform_2612
T2613,transform_2613
T2614,transform_2614
T2615,transform_2615
T2616,transform_2616
T2617,transform_2617
T2618,transform_2618
T2619,transform_2619
T2620,transform_2620
T2621,transform_2621
T2622,transform_2622
T2623,transform_2623
T2624,transform_2624
T2625,transform_2625
T2626,transform_2626
T2627,transform_2627
T2628,transform_2628
T2629,transform_2629
T2630,transform_2630
T2631,transform_2631
T2632,transform_2632
T2633,transform_2633
T2634,transform_2634
T2635,transform_2635
T2636,transform_2636
T2637,transform_2637
T2638,transform_2638
T2639,transform_2639
T2640,transform_2640
T2641,transform_2641
T2642,transform_2642
T2643,transform_2643
T2644,transform_2644
T2645,transform_2645
T2646,transform_2646
T2647,transform_2647
T2648,transform_2648
T2649,transform_2649
T2650,transform_2650
T2651,transform_2651
T2652,transform_2652
T2653,transform_2653
T2654,transform_2654
T2655,transform_2655
T2656,transform_2656
T2657,transform_2657
T2658,transform_2658
T2659,transform_2659
T2660,transform_2660
T2661,transform_2661
T2662,transform_2662
T2663,transform_2663
T2664,transform_2664
T2665,transform_2665
T2666,transform_2666
T2667,transform_2667
T2668,transform_2668
T2669,transform_2669
T2670,transform_2670
T2671,transform_2671
T2672,transform_2672
T2673,transform_2673
T2674,transform_2674
T2675,transform_2675
T2676,transform_2676
T2677,transform_2677
T2678,transform_2678
T2679,transform_2679
T2680,transform_2680
T2681,transform_2681
T2682,transform_2682
T2683,transform_2683
T2684,transform_2684
T2685,transform_2685
T2686,transform_2686
T2687,transform_2687
T2688,transform_2688
T2689,transform_2689
T2690,transform_2690
T2691,transform_2691
T2692,transform_2692
T2693,transform_2693
T2694,transform_2694
T2695,transform_2695
T2696,transform_2696
T2697,transform_2697
T2698,transform_2698
T2699,transform_2699
T2700,transform_2700
T2701,transform_2701
T2702,transform_2702
T2703,transform_2703
T2704,transform_2704
T2705,transform_2705
T2706,transform_2706
T2707,transform_2707
T2708,transform_2708
T2709,transform_2709
T2710,transform_2710
T2711,transform_2711
T2712,transform_2712
T2713,transform_2713
T2714,transform_2714
T2715,transform_2715
T2716,transform_2716
T2717,transform_2717
T2718,transform_2718
T2719,transform_2719
T2720,transform_2720
T2721,transform_2721
T2722,transform_2722
T2723,transform_2723
T2724,transform_2724
T2725,transform_2725
T2726,transform_2726
T2727,transform_2727
T2728,transform_2728
T2729,transform_2729
T2730,transform_2730
T2731,transform_2731
T2732,transform_2732
T2733,transform_2733
T2734,transform_2734
T2735,transform_2735
T2736,transform_2736
T2737,transform_2737
T2738,transform_2738
T2739,transform_2739
T2740,transform_2740
T2741,transform_2741
T2742,transform_2742
T2743,transform_2743
T2744,transform_2744
T2745,transform_2745
T2746,transform_2746
T2747,transform_2747
T2748,transform_2748
T2749,transform_2749
T2750,transform_2750
T2751,transform_2751
T2752,transform_2752
T2753,transform_2753
T2754,transform_2754
T2755,transform_2755
T2756,transform_2756
T2757,transform_2757
T2758,transform_2758
T2759,transform_2759
T2760,transform_2760
T2761,transform_2761
T2762,transform_2762
T2763,transform_2763
T2764,transform_2764
T2765,transform_2765
T2766,transform_2766
T2767,transform_2767
T2768,transform_2768
T2769,transform_2769
T2770,transform_2770
T2771,transform_2771
T2772,transform_2772
T2773,transform_2773
T2774,transform_2774
T2775,transform_2775
T2776,transform_2776
T2777,transform_2777
T2778,transform_2778
T2779,transform_2779
T2780,transform_2780
T2781,transform_2781
T2782,transform_2782
T2783,transform_2783
T2784,transform_2784
T2785,transform_2785
T2786,transform_2786
T2787,transform_2787
T2788,transform_2788
T2789,transform_2789
T2790,transform_2790
T2791,transform_2791
T2792,transform_2792
T2793,transform_2793
T2794,transform_2794
T2795,transform_2795
T2796,transform_2796
T2797,transform_2797
T2798,transform_2798
T2799,transform_2799
T2800,transform_2800
T2801,transform_2801
T2802,transform_2802
T2803,transform_2803
T2804,transform_2804
T2805,transform_2805
T2806,transform_2806
T2807,transform_2807
T2808,transform_2808
T2809,transform_2809
T2810,transform_2810
T2811,transform_2811
T2812,transform_2812
T2813,transform_2813
T2814,transform_2814
T2815,transform_2815
T2816,transform_2816
T2817,transform_2817
T2818,transform_2818
T2819,transform_2819
T2820,transform_2820
T2821,transform_2821
T2822,transform_2822
T2823,transform_2823
T2824,transform_2824
T2825,transform_2825
T2826,transform_2826
T2827,transform_2827
T2828,transform_2828
T2829,transform_2829
T2830,transform_2830
T2831,transform_2831
T2832,transform_2832
T2833,transform_2833
T2834,transform_2834
T2835,transform_2835
T2836,transform_2836
T2837,transform_2837
T2838,transform_2838
T2839,transform_2839
T2840,transform_2840
T2841,transform_2841
T2842,transform_2842
T2843,transform_2843
T2844,transform_2844
T2845,transform_2845
T2846,transform_2846
T2847,transform_2847
T2848,transform_2848
T2849,transform_2849
T2850,transform_2850
T2851,transform_2851
T2852,transform_2852
T2853,transform_2853
T2854,transform_2854
T2855,transform_2855
T2856,transform_2856
T2857,transform_2857
T2858,transform_2858
T2859,transform_2859
T2860,transform_2860
T2861,transform_2861
T2862,transform_2862
T2863,transform_2863
T2864,transform_2864
T2865,transform_2865
T2866,transform_2866
T2867,transform_2867
T2868,transform_2868
T2869,transform_2869
T2870,transform_2870
T2871,transform_2871
T2872,transform_2872
T2873,transform_2873
T2874,transform_2874
T2875,transform_2875
T2876,transform_2876
T2877,transform_2877
T2878,transform_2878
T2879,transform_2879
T2880,transform_2880
T2881,transform_2881
T2882,transform_2882
T2883,transform_2883
T2884,transform_2884
T2885,transform_2885
T2886,transform_2886
T2887,transform_2887
T2888,transform_2888
T2889,transform_2889
T2890,transform_2890
T2891,transform_2891
T2892,transform_2892
T2893,transform_2893
T2894,transform_2894
T2895,transform_2895
T2896,transform_2896
T2897,transform_2897
T2898,transform_2898
T2899,transform_2899
T2900,transform_2900
T2901,transform_2901
T2902,transform_2902
T2903,transform_2903
T2904,transform_2904
T2905,transform_2905
T2906,transform_2906
T2907,transform_2907
T2908,transform_2908
T2909,transform_2909
T2910,transform_2910
T2911,transform_2911
T2912,transform_2912
T2913,transform_2913
T2914,transform_2914
T2915,transform_2915
T2916,transform_2916
T2917,transform_2917
T2918,transform_2918
T2919,transform_2919
T2920,transform_2920
T2921,transform_2921
T2922,transform_2922
T2923,transform_2923
T2924,transform_2924
T2925,transform_2925
T2926,transform_2926
T2927,transform_2927
T2928,transform_2928
T2929,transform_2929
T2930,transform_2930
T2931,transform_2931
T2932,transform_2932
T2933,transform_2933
T2934,transform_2934
T2935,transform_2935
T2936,transform_2936
T2937,transform_2937
T2938,transform_2938
T2939,transform_2939
T2940,transform_2940
T2941,transform_2941
T2942,transform_2942
T2943,transform_2943
T2944,transform_2944
T2945,transform_2945
T2946,transform_2946
T2947,transform_2947
T2948,transform_2948
T2949,transform_2949
T2950,transform_2950
T2951,transform_2951
T2952,transform_2952
T2953,transform_2953
T2954,transform_2954
T2955,transform_2955
T2956,transform_2956
T2957,transform_2957
T2958,transform_2958
T2959,transform_2959
T2960,transform_2960
T2961,transform_2961
T2962,transform_2962
T2963,transform_2963
T2964,transform_2964
T2965,transform_2965
T2966,transform_2966
T2967,transform_2967
T2968,transform_2968
T2969,transform_2969
T2970,transform_2970
T2971,transform_2971
T2972,transform_2972
T2973,transform_2973
T2974,transform_2974
T2975,transform_2975
T2976,transform_2976
T2977,transform_2977
T2978,transform_2978
T2979,transform_2979
T2980,transform_2980
T2981,transform_2981
T2982,transform_2982
T2983,transform_2983
T2984,transform_2984
T2985,transform_2985
T2986,transform_2986
T2987,transform_2987
T2988,transform_2988
T2989,transform_2989
T2990,transform_2990
T2991,transform_2991
T2992,transform_2992
T2993,transform_2993
T2994,transform_2994
T2995,transform_2995
T2996,transform_2996
T2997,transform_2997
T2998,transform_2998
T2999,transform_2999
T3000,transform_3000
T3001,transform_3001
T3002,transform_3002
T3003,transform_3003
T3004,transform_3004
T3005,transform_3005
T3006,transform_3006
T3007,transform_3007
T3008,transform_3008
T3009,transform_3009
T3010,transform_3010
T3011,transform_3011
T3012,transform_3012
T3013,transform_3013
T3014,transform_3014
T3015,transform_3015
T3016,transform_3016
T3017,transform_3017
T3018,transform_3018
T3019,transform_3019
T3020,transform_3020
T3021,transform_3021
T3022,transform_3022
T3023,transform_3023
T3024,transform_3024
T3025,transform_3025
T3026,transform_3026
T3027,transform_3027
T3028,transform_3028
T3029,transform_3029
T3030,transform_3030
T3031,transform_3031
T3032,transform_3032
T3033,transform_3033
T3034,transform_3034
T3035,transform_3035
T3036,transform_3036
T3037,transform_3037
T3038,transform_3038
T3039,transform_3039
T3040,transform_3040
T3041,transform_3041
T3042,transform_3042
T3043,transform_3043
T3044,transform_3044
T3045,transform_3045
T3046,transform_3046
T3047,transform_3047
T3048,transform_3048
T3049,transform_3049
T3050,transform_3050
T3051,transform_3051
T3052,transform_3052
T3053,transform_3053
T3054,transform_3054
T3055,transform_3055
T3056,transform_3056
T3057,transform_3057
T3058,transform_3058
T3059,transform_3059
T3060,transform_3060
T3061,transform_3061
T3062,transform_3062
T3063,transform_3063
T3064,transform_3064
T3065,transform_3065
T3066,transform_3066
T3067,transform_3067
T3068,transform_3068
T3069,transform_3069
T3070,transform_3070
T3071,transform_3071
T3072,transform_3072
T3073,transform_3073
T3074,transform_3074
T3075,transform_3075
T3076,transform_3076
T3077,transform_3077
T3078,transform_3078
T3079,transform_3079
T3080,transform_3080
T3081,transform_3081
T3082,transform_3082
T3083,transform_3083
T3084,transform_3084
T3085,transform_3085
T3086,transform_3086
T3087,transform_3087
T3088,transform_3088
T3089,transform_3089
T3090,transform_3090
T3091,transform_3091
T3092,transform_3092
T3093,transform_3093
T3094,transform_3094
T3095,transform_3095
T3096,transform_3096
T3097,transform_3097
T3098,transform_3098
T3099,transform_3099
T3100,transform_3100
T3101,transform_3101
T3102,transform_3102
T3103,transform_3103
T3104,transform_3104
T3105,transform_3105
T3106,transform_3106
T3107,transform_3107
T3108,transform_3108
T3109,transform_3109
T3110,transform_3110
T3111,transform_3111
T3112,transform_3112
T3113,transform_3113
T3114,transform_3114
T3115,transform_3115
T3116,transform_3116
T3117,transform_3117
T3118,transform_3118
T3119,transform_3119
T3120,transform_3120
T3121,transform_3121
T3122,transform_3122
T3123,transform_3123
T3124,transform_3124
T3125,transform_3125
T3126,transform_3126
T3127,transform_3127
T3128,transform_3128
T3129,transform_3129
T3130,transform_3130
T3131,transform_3131
T3132,transform_3132
T3133,transform_3133
T3134,transform_3134
T3135,transform_3135
T3136,transform_3136
T3137,transform_3137
T3138,transform_3138
T3139,transform_3139
T3140,transform_3140
T3141,transform_3141
T3142,transform_3142
T3143,transform_3143
T3144,transform_3144
T3145,transform_3145
T3146,transform_3146
T3147,transform_3147
T3148,transform_3148
T3149,transform_3149
T3150,transform_3150
T3151,transform_3151
T3152,transform_3152
T3153,transform_3153
T3154,transform_3154
T3155,transform_3155
T3156,transform_3156
T3157,transform_3157
T3158,transform_3158
T3159,transform_3159
T3160,transform_3160
T3161,transform_3161
T3162,transform_3162
T3163,transform_3163
T3164,transform_3164
T3165,transform_3165
T3166,transform_3166
T3167,transform_3167
T3168,transform_3168
T3169,transform_3169
T3170,transform_3170
T3171,transform_3171
T3172,transform_3172
T3173,transform_3173
T3174,transform_3174
T3175,transform_3175
T3176,transform_3176
T3177,transform_3177
T3178,transform_3178
T3179,transform_3179
T3180,transform_3180
T3181,transform_3181
T3182,transform_3182
T3183,transform_3183
T3184,transform_3184
T3185,transform_3185
T3186,transform_3186
T3187,transform_3187
T3188,transform_3188
T3189,transform_3189
T3190,transform_3190
T3191,transform_3191
T3192,transform_3192
T3193,transform_3193
T3194,transform_3194
T3195,transform_3195
T3196,transform_3196
T3197,transform_3197
T3198,transform_3198
T3199,transform_3199
T3200,transform_3200
T3201,transform_3201
T3202,transform_3202
T3203,transform_3203
T3204,transform_3204
T3205,transform_3205
T3206,transform_3206
T3207,transform_3207
T3208,transform_3208
T3209,transform_3209
T3210,transform_3210
T3211,transform_3211
T3212,transform_3212
T3213,transform_3213
T3214,transform_3214
T3215,transform_3215
T3216,transform_3216
T3217,transform_3217
T3218,transform_3218
T3219,transform_3219
T3220,transform_3220
T3221,transform_3221
T3222,transform_3222
T3223,transform_3223
T3224,transform_3224
T3225,transform_3225
T3226,transform_3226
T3227,transform_3227
T3228,transform_3228
T3229,transform_3229
T3230,transform_3230
T3231,transform_3231
T3232,transform_3232
T3233,transform_3233
T3234,transform_3234
T3235,transform_3235
T3236,transform_3236
T3237,transform_3237
T3238,transform_3238
T3239,transform_3239
T3240,transform_3240
T3241,transform_3241
T3242,transform_3242
T3243,transform_3243
T3244,transform_3244
T3245,transform_3245
T3246,transform_3246
T3247,transform_3247
T3248,transform_3248
T3249,transform_3249
T3250,transform_3250
T3251,transform_3251
T3252,transform_3252
T3253,transform_3253
T3254,transform_3254
T3255,transform_3255
T3256,transform_3256
T3257,transform_3257
T3258,transform_3258
T3259,transform_3259
T3260,transform_3260
T3261,transform_3261
T3262,transform_3262
T3263,transform_3263
T3264,transform_3264
T3265,transform_3265
T3266,transform_3266
T3267,transform_3267
T3268,transform_3268
T3269,transform_3269
T3270,transform_3270
T3271,transform_3271
T3272,transform_3272
T3273,transform_3273
T3274,transform_3274
T3275,transform_3275
T3276,transform_3276
T3277,transform_3277
T3278,transform_3278
T3279,transform_3279
T3280,transform_3280
T3281,transform_3281
T3282,transform_3282
T3283,transform_3283
T3284,transform_3284
T3285,transform_3285
T3286,transform_3286
T3287,transform_3287
T3288,transform_3288
T3289,transform_3289
T3290,transform_3290
T3291,transform_3291
T3292,transform_3292
T3293,transform_3293
T3294,transform_3294
T3295,transform_3295
T3296,transform_3296
T3297,transform_3297
T3298,transform_3298
T3299,transform_3299
T3300,transform_3300
T3301,transform_3301
T3302,transform_3302
T3303,transform_3303
T3304,transform_3304
T3305,transform_3305
T3306,transform_3306
T3307,transform_3307
T3308,transform_3308
T3309,transform_3309
T3310,transform_3310
T3311,transform_3311
T3312,transform_3312
T3313,transform_3313
T3314,transform_3314
T3315,transform_3315
T3316,transform_3316
T3317,transform_3317
T3318,transform_3318
T3319,transform_3319
T3320,transform_3320
T3321,transform_3321
T3322,transform_3322
T3323,transform_3323
T3324,transform_3324
T3325,transform_3325
T3326,transform_3326
T3327,transform_3327
T3328,transform_3328
T3329,transform_3329
T3330,transform_3330
T3331,transform_3331
T3332,transform_3332
T3333,transform_3333
T3334,transform_3334
T3335,transform_3335
T3336,transform_3336
T3337,transform_3337
T3338,transform_3338
T3339,transform_3339
T3340,transform_3340
T3341,transform_3341
T3342,transform_3342
T3343,transform_3343
T3344,transform_3344
T3345,transform_3345
T3346,transform_3346
T3347,transform_3347
T3348,transform_3348
T3349,transform_3349
T3350,transform_3350
T3351,transform_3351
T3352,transform_3352
T3353,transform_3353
T3354,transform_3354
T3355,transform_3355
T3356,transform_3356
T3357,transform_3357
T3358,transform_3358
T3359,transform_3359
T3360,transform_3360
T3361,transform_3361
T3362,transform_3362
T3363,transform_3363
T3364,transform_3364
T3365,transform_3365
T3366,transform_3366
T3367,transform_3367
T3368,transform_3368
T3369,transform_3369
T3370,transform_3370
T3371,transform_3371
T3372,transform_3372
T3373,transform_3373
T3374,transform_3374
T3375,transform_3375
T3376,transform_3376
T3377,transform_3377
T3378,transform_3378
T3379,transform_3379
T3380,transform_3380
T3381,transform_3381
T3382,transform_3382
T3383,transform_3383
T3384,transform_3384
T3385,transform_3385
T3386,transform_3386
T3387,transform_3387
T3388,transform_3388
T3389,transform_3389
T3390,transform_3390
T3391,transform_3391
T3392,transform_3392
T3393,transform_3393
T3394,transform_3394
T3395,transform_3395
T3396,transform_3396
T3397,transform_3397
T3398,transform_3398
T3399,transform_3399
T3400,transform_3400
T3401,transform_3401
T3402,transform_3402
T3403,transform_3403
T3404,transform_3404
T3405,transform_3405
T3406,transform_3406
T3407,transform_3407
T3408,transform_3408
T3409,transform_3409
T3410,transform_3410
T3411,transform_3411
T3412,transform_3412
T3413,transform_3413
T3414,transform_3414
T3415,transform_3415
T3416,transform_3416
T3417,transform_3417
T3418,transform_3418
T3419,transform_3419
T3420,transform_3420
T3421,transform_3421
T3422,transform_3422
T3423,transform_3423
T3424,transform_3424
T3425,transform_3425
T3426,transform_3426
T3427,transform_3427
T3428,transform_3428
T3429,transform_3429
T3430,transform_3430
T3431,transform_3431
T3432,transform_3432
T3433,transform_3433
T3434,transform_3434
T3435,transform_3435
T3436,transform_3436
T3437,transform_3437
T3438,transform_3438
T3439,transform_3439
T3440,transform_3440
T3441,transform_3441
T3442,transform_3442
T3443,transform_3443
T3444,transform_3444
T3445,transform_3445
T3446,transform_3446
T3447,transform_3447
T3448,transform_3448
T3449,transform_3449
T3450,transform_3450
T3451,transform_3451
T3452,transform_3452
T3453,transform_3453
T3454,transform_3454
T3455,transform_3455
T3456,transform_3456
T3457,transform_3457
T3458,transform_3458
T3459,transform_3459
T3460,transform_3460
T3461,transform_3461
T3462,transform_3462
T3463,transform_3463
T3464,transform_3464
T3465,transform_3465
T3466,transform_3466
T3467,transform_3467
T3468,transform_3468
T3469,transform_3469
T3470,transform_3470
T3471,transform_3471
T3472,transform_3472
T3473,transform_3473
T3474,transform_3474
T3475,transform_3475
T3476,transform_3476
T3477,transform_3477
T3478,transform_3478
T3479,transform_3479
T3480,transform_3480
T3481,transform_3481
T3482,transform_3482
T3483,transform_3483
T3484,transform_3484
T3485,transform_3485
T3486,transform_3486
T3487,transform_3487
T3488,transform_3488
T3489,transform_3489
T3490,transform_3490
T3491,transform_3491
T3492,transform_3492
T3493,transform_3493
T3494,transform_3494
T3495,transform_3495
T3496,transform_3496
T3497,transform_3497
T3498,transform_3498
T3499,transform_3499
