datasetId,name
DS0,dataset_0000
DS1,dataset_0001
DS2,dataset_0002
DS3,dataset_0003
DS4,dataset_0004
DS5,dataset_0005
DS6,dataset_0006
DS7,dataset_0007
DS8,dataset_0008
DS9,dataset_0009
DS10,dataset_0010
DS11,dataset_0011
DS12,dataset_0012
DS13,dataset_0013
DS14,dataset_0014
DS15,dataset_0015
DS16,dataset_0016
DS17,dataset_0017
DS18,dataset_0018
DS19,dataset_0019
DS20,dataset_0020
DS21,dataset_0021
DS22,dataset_0022
DS23,dataset_0023
DS24,dataset_0024
DS25,dataset_0025
DS26,dataset_0026
DS27,dataset_0027
DS28,dataset_0028
DS29,dataset_0029
DS30,dataset_0030
DS31,dataset_0031
DS32,dataset_0032
DS33,dataset_0033
DS34,dataset_0034
DS35,dataset_0035
DS36,dataset_0036
DS37,dataset_0037
DS38,dataset_0038
DS39,dataset_0039
DS40,dataset_0040
DS41,dataset_0041
DS42,dataset_0042
DS43,dataset_0043
DS44,dataset_0044
DS45,dataset_0045
DS46,dataset_0046
DS47,dataset_0047
DS48,dataset_0048
DS49,dataset_0049
DS50,dataset_0050
DS51,dataset_0051
DS52,dataset_0052
DS53,dataset_0053
DS54,dataset_0054
DS55,dataset_0055
DS56,dataset_0056
DS57,dataset_0057
DS58,dataset_0058
DS59,dataset_0059
DS60,dataset_0060
DS61,dataset_0061
DS62,dataset_0062
DS63,dataset_0063
DS64,dataset_0064
DS65,dataset_0065
DS66,dataset_0066
DS67,dataset_0067
DS68,dataset_0068
DS69,dataset_0069
DS70,dataset_0070
DS71,dataset_0071
DS72,dataset_0072
DS73,dataset_0073
DS74,dataset_0074
DS75,dataset_0075
DS76,dataset_0076
DS77,dataset_0077
DS78,dataset_0078
DS79,dataset_0079
DS80,dataset_0080
DS81,dataset_0081
DS82,dataset_0082
DS83,dataset_0083
DS84,dataset_0084
DS85,dataset_0085
DS86,dataset_0086
DS87,dataset_0087
DS88,dataset_0088
DS89,dataset_0089
DS90,dataset_0090
DS91,dataset_0091
DS92,dataset_0092
DS93,dataset_0093
DS94,dataset_0094
DS95,dataset_0095
DS96,dataset_0096
DS97,dataset_0097
DS98,dataset_0098
DS99,dataset_0099
DS100,dataset_0100
DS101,dataset_0101
DS102,dataset_0102
DS103,dataset_0103
DS104,dataset_0104
DS105,dataset_0105
DS106,dataset_0106
DS107,dataset_0107
DS108,dataset_0108
DS109,dataset_0109
DS110,dataset_0110
DS111,dataset_0111
DS112,dataset_0112
DS113,dataset_0113
DS114,dataset_0114
DS115,dataset_0115
DS116,dataset_0116
DS117,dataset_0117
DS118,dataset_0118
DS119,dataset_0119
DS120,dataset_0120
DS121,dataset_0121
DS122,dataset_0122
DS123,dataset_0123
DS124,dataset_0124
DS125,dataset_0125
DS126,dataset_0126
DS127,dataset_0127
DS128,dataset_0128
DS129,dataset_0129
DS130,dataset_0130
DS131,dataset_0131
DS132,dataset_0132
DS133,dataset_0133
DS134,dataset_0134
DS135,dataset_0135
DS136,dataset_0136
DS137,dataset_0137
DS138,dataset_0138
DS139,dataset_0139
DS140,dataset_0140
DS141,dataset_0141
DS142,dataset_0142
DS143,dataset_0143
DS144,dataset_0144
DS145,dataset_0145
DS146,dataset_0146
DS147,dataset_0147
DS148,dataset_0148
DS149,dataset_0149
DS150,dataset_0150
DS151,dataset_0151
DS152,dataset_0152
DS153,dataset_0153
DS154,dataset_0154
DS155,dataset_0155
DS156,dataset_0156
DS157,dataset_0157
DS158,dataset_0158
DS159,dataset_0159
DS160,dataset_0160
DS161,dataset_0161
DS162,dataset_0162
DS163,dataset_0163
DS164,dataset_0164
DS165,dataset_0165
DS166,dataset_0166
DS167,dataset_0167
DS168,dataset_0168
DS169,dataset_0169
DS170,dataset_0170
DS171,dataset_0171
DS172,dataset_0172
DS173,dataset_0173
DS174,dataset_0174
DS175,dataset_0175
DS176,dataset_0176
DS177,dataset_0177
DS178,dataset_0178
DS179,dataset_0179
DS180,dataset_0180
DS181,dataset_0181
DS182,dataset_0182
DS183,dataset_0183
DS184,dataset_0184
DS185,dataset_0185
DS186,dataset_0186
DS187,dataset_0187
DS188,dataset_0188
DS189,dataset_0189
DS190,dataset_0190
DS191,dataset_0191
DS192,dataset_0192
DS193,dataset_0193
DS194,dataset_0194
DS195,dataset_0195
DS196,dataset_0196
DS197,dataset_0197
DS198,dataset_0198
DS199,dataset_0199
DS200,dataset_0200
DS201,dataset_0201
DS202,dataset_0202
DS203,dataset_0203
DS204,dataset_0204
DS205,dataset_0205
DS206,dataset_0206
DS207,dataset_0207
DS208,dataset_0208
DS209,dataset_0209
DS210,dataset_0210
DS211,dataset_0211
DS212,dataset_0212
DS213,dataset_0213
DS214,dataset_0214
DS215,dataset_0215
DS216,dataset_0216
DS217,dataset_0217
DS218,dataset_0218
DS219,dataset_0219
DS220,dataset_0220
DS221,dataset_0221
DS222,dataset_0222
DS223,dataset_0223
DS224,dataset_0224
DS225,dataset_0225
DS226,dataset_0226
DS227,dataset_0227
DS228,dataset_0228
DS229,dataset_0229
DS230,dataset_0230
DS231,dataset_0231
DS232,dataset_0232
DS233,dataset_0233
DS234,dataset_0234
DS235,dataset_0235
DS236,dataset_0236
DS237,dataset_0237
DS238,dataset_0238
DS239,dataset_0239
DS240,dataset_0240
DS241,dataset_0241
DS242,dataset_0242
DS243,dataset_0243
DS244,dataset_0244
DS245,dataset_0245
DS246,dataset_0246
DS247,dataset_0247
DS248,dataset_0248
DS249,dataset_0249
DS250,dataset_0250
DS251,dataset_0251
DS252,dataset_0252
DS253,dataset_0253
DS254,dataset_0254
DS255,dataset_0255
DS256,dataset_0256
DS257,dataset_0257
DS258,dataset_0258
DS259,dataset_0259
DS260,dataset_0260
DS261,dataset_0261
DS262,dataset_0262
DS263,dataset_0263
DS264,dataset_0264
DS265,dataset_0265
DS266,dataset_0266
DS267,dataset_0267
DS268,dataset_0268
DS269,dataset_0269
DS270,dataset_0270
DS271,dataset_0271
DS272,dataset_0272
DS273,dataset_0273
DS274,dataset_0274
DS275,dataset_0275
DS276,dataset_0276
DS277,dataset_0277
DS278,dataset_0278
DS279,dataset_0279
DS280,dataset_0280
DS281,dataset_0281
DS282,dataset_0282
DS283,dataset_0283
DS284,dataset_0284
DS285,dataset_0285
DS286,dataset_0286
DS287,dataset_0287
DS288,dataset_0288
DS289,dataset_0289
DS290,dataset_0290
DS291,dataset_0291
DS292,dataset_0292
DS293,dataset_0293
DS294,dataset_0294
DS295,dataset_0295
DS296,dataset_0296
DS297,dataset_0297
DS298,dataset_0298
DS299,dataset_0299
DS300,dataset_0300
DS301,dataset_0301
DS302,dataset_0302
DS303,dataset_0303
DS304,dataset_0304
DS305,dataset_0305
DS306,dataset_0306
DS307,dataset_0307
DS308,dataset_0308
DS309,dataset_0309
DS310,dataset_0310
DS311,dataset_0311
DS312,dataset_0312
DS313,dataset_0313
DS314,dataset_0314
DS315,dataset_0315
DS316,dataset_0316
DS317,dataset_0317
DS318,dataset_0318
DS319,dataset_0319
DS320,dataset_0320
DS321,dataset_0321
DS322,dataset_0322
DS323,dataset_0323
DS324,dataset_0324
DS325,dataset_0325
DS326,dataset_0326
DS327,dataset_0327
DS328,dataset_0328
DS329,dataset_0329
DS330,dataset_0330
DS331,dataset_0331
DS332,dataset_0332
DS333,dataset_0333
DS334,dataset_0334
DS335,dataset_0335
DS336,dataset_0336
DS337,dataset_0337
DS338,dataset_0338
DS339,dataset_0339
DS340,dataset_0340
DS341,dataset_0341
DS342,dataset_0342
DS343,dataset_0343
DS344,dataset_0344
DS345,dataset_0345
DS346,dataset_0346
DS347,dataset_0347
DS348,dataset_0348
DS349,dataset_0349
DS350,dataset_0350
DS351,dataset_0351
DS352,dataset_0352
DS353,dataset_0353
DS354,dataset_0354
DS355,dataset_0355
DS356,dataset_0356
DS357,dataset_0357
DS358,dataset_0358
DS359,dataset_0359
DS360,dataset_0360
DS361,dataset_0361
DS362,dataset_0362
DS363,dataset_0363
DS364,dataset_0364
DS365,dataset_0365
DS366,dataset_0366
DS367,dataset_0367
DS368,dataset_0368
DS369,dataset_0369
DS370,dataset_0370
DS371,dataset_0371
DS372,dataset_0372
DS373,dataset_0373
DS374,dataset_0374
DS375,dataset_0375
DS376,dataset_0376
DS377,dataset_0377
DS378,dataset_0378
DS379,dataset_0379
DS380,dataset_0380
DS381,dataset_0381
DS382,dataset_0382
DS383,dataset_0383
DS384,dataset_0384
DS385,dataset_0385
DS386,dataset_0386
DS387,dataset_0387
DS388,dataset_0388
DS389,dataset_0389
DS390,dataset_0390
DS391,dataset_0391
DS392,dataset_0392
DS393,dataset_0393
DS394,dataset_0394
DS395,dataset_0395
DS396,dataset_0396
DS397,dataset_0397
DS398,dataset_0398
DS399,dataset_0399
DS400,dataset_0400
DS401,dataset_0401
DS402,dataset_0402
DS403,dataset_0403
DS404,dataset_0404
DS405,dataset_0405
DS406,dataset_0406
DS407,dataset_0407
DS408,dataset_0408
DS409,dataset_0409
DS410,dataset_0410
DS411,dataset_0411
DS412,dataset_0412
DS413,dataset_0413
DS414,dataset_0414
DS415,dataset_0415
DS416,dataset_0416
DS417,dataset_0417
DS418,dataset_0418
DS419,dataset_0419
DS420,dataset_0420
DS421,dataset_0421
DS422,dataset_0422
DS423,dataset_0423
DS424,dataset_0424
DS425,dataset_0425
DS426,dataset_0426
DS427,dataset_0427
DS428,dataset_0428
DS429,dataset_0429
DS430,dataset_0430
DS431,dataset_0431
DS432,dataset_0432
DS433,dataset_0433
DS434,dataset_0434
DS435,dataset_0435
DS436,dataset_0436
DS437,dataset_0437
DS438,dataset_0438
DS439,dataset_0439
DS440,dataset_0440
DS441,dataset_0441
DS442,dataset_0442
DS443,dataset_0443
DS444,dataset_0444
DS445,dataset_0445
DS446,dataset_0446
DS447,dataset_0447
DS448,dataset_0448
DS449,dataset_0449
DS450,dataset_0450
DS451,dataset_0451
DS452,dataset_0452
DS453,dataset_0453
DS454,dataset_0454
DS455,dataset_0455
DS456,dataset_0456
DS457,dataset_0457
DS458,dataset_0458
DS459,dataset_0459
DS460,dataset_0460
DS461,dataset_0461
DS462,dataset_0462
DS463,dataset_0463
DS464,dataset_0464
DS465,dataset_0465
DS466,dataset_0466
DS467,dataset_0467
DS468,dataset_0468
DS469,dataset_0469
DS470,dataset_0470
DS471,dataset_0471
DS472,dataset_0472
DS473,dataset_0473
DS474,dataset_0474
DS475,dataset_0475
DS476,dataset_0476
DS477,dataset_0477
DS478,dataset_0478
DS479,dataset_0479
DS480,dataset_0480
DS481,dataset_0481
DS482,dataset_0482
DS483,dataset_0483
DS484,dataset_0484
DS485,dataset_0485
DS486,dataset_0486
DS487,dataset_0487
DS488,dataset_0488
DS489,dataset_0489
DS490,dataset_0490
DS491,dataset_0491
DS492,dataset_0492
DS493,dataset_0493
DS494,dataset_0494
DS495,dataset_0495
DS496,dataset_0496
DS497,dataset_0497
DS498,dataset_0498
DS499,dataset_0499
DS500,dataset_0500
DS501,dataset_0501
DS502,dataset_0502
DS503,dataset_0503
DS504,dataset_0504
DS505,dataset_0505
DS506,dataset_0506
DS507,dataset_0507
DS508,dataset_0508
DS509,dataset_0509
DS510,dataset_0510
DS511,dataset_0511
DS512,dataset_0512
DS513,dataset_0513
DS514,dataset_0514
DS515,dataset_0515
DS516,dataset_0516
DS517,dataset_0517
DS518,dataset_0518
DS519,dataset_0519
DS520,dataset_0520
DS521,dataset_0521
DS522,dataset_0522
DS523,dataset_0523
DS524,dataset_0524
DS525,dataset_0525
DS526,dataset_0526
DS527,dataset_0527
DS528,dataset_0528
DS529,dataset_0529
DS530,dataset_0530
DS531,dataset_0531
DS532,dataset_0532
DS533,dataset_0533
DS534,dataset_0534
DS535,dataset_0535
DS536,dataset_0536
DS537,dataset_0537
DS538,dataset_0538
DS539,dataset_0539
DS540,dataset_0540
DS541,dataset_0541
DS542,dataset_0542
DS543,dataset_0543
DS544,dataset_0544
DS545,dataset_0545
DS546,dataset_0546
DS547,dataset_0547
DS548,dataset_0548
DS549,dataset_0549
DS550,dataset_0550
DS551,dataset_0551
DS552,dataset_0552
DS553,dataset_0553
DS554,dataset_0554
DS555,dataset_0555
DS556,dataset_0556
DS557,dataset_0557
DS558,dataset_0558
DS559,dataset_0559
DS560,dataset_0560
DS561,dataset_0561
DS562,dataset_0562
DS563,dataset_0563
DS564,dataset_0564
DS565,dataset_0565
DS566,dataset_0566
DS567,dataset_0567
DS568,dataset_0568
DS569,dataset_0569
DS570,dataset_0570
DS571,dataset_0571
DS572,dataset_0572
DS573,dataset_0573
DS574,dataset_0574
DS575,dataset_0575
DS576,dataset_0576
DS577,dataset_0577
DS578,dataset_0578
DS579,dataset_0579
DS580,dataset_0580
DS581,dataset_0581
DS582,dataset_0582
DS583,dataset_0583
DS584,dataset_0584
DS585,dataset_0585
DS586,dataset_0586
DS587,dataset_0587
DS588,dataset_0588
DS589,dataset_0589
DS590,dataset_0590
DS591,dataset_0591
DS592,dataset_0592
DS593,dataset_0593
DS594,dataset_0594
DS595,dataset_0595
DS596,dataset_0596
DS597,dataset_0597
DS598,dataset_0598
DS599,dataset_0599
DS600,dataset_0600
DS601,dataset_0601
DS602,dataset_0602
DS603,dataset_0603
DS604,dataset_0604
DS605,dataset_0605
DS606,dataset_0606
DS607,dataset_0607
DS608,dataset_0608
DS609,dataset_0609
DS610,dataset_0610
DS611,dataset_0611
DS612,dataset_0612
DS613,dataset_0613
DS614,dataset_0614
DS615,dataset_0615
DS616,dataset_0616
DS617,dataset_0617
DS618,dataset_0618
DS619,dataset_0619
DS620,dataset_0620
DS621,dataset_0621
DS622,dataset_0622
DS623,dataset_0623
DS624,dataset_0624
DS625,dataset_0625
DS626,dataset_0626
DS627,dataset_0627
DS628,dataset_0628
DS629,dataset_0629
DS630,dataset_0630
DS631,dataset_0631
DS632,dataset_0632
DS633,dataset_0633
DS634,dataset_0634
DS635,dataset_0635
DS636,dataset_0636
DS637,dataset_0637
DS638,dataset_0638
DS639,dataset_0639
DS640,dataset_0640
DS641,dataset_0641
DS642,dataset_0642
DS643,dataset_0643
DS644,dataset_0644
DS645,dataset_0645
DS646,dataset_0646
DS647,dataset_0647
DS648,dataset_0648
DS649,dataset_0649
DS650,dataset_0650
DS651,dataset_0651
DS652,dataset_0652
DS653,dataset_0653
DS654,dataset_0654
DS655,dataset_0655
DS656,dataset_0656
DS657,dataset_0657
DS658,dataset_0658
DS659,dataset_0659
DS660,dataset_0660
DS661,dataset_0661
DS662,dataset_0662
DS663,dataset_0663
DS664,dataset_0664
DS665,dataset_0665
DS666,dataset_0666
DS667,dataset_0667
DS668,dataset_0668
DS669,dataset_0669
DS670,dataset_0670
DS671,dataset_0671
DS672,dataset_0672
DS673,dataset_0673
DS674,dataset_0674
DS675,dataset_0675
DS676,dataset_0676
DS677,dataset_0677
DS678,dataset_0678
DS679,dataset_0679
DS680,dataset_0680
DS681,dataset_0681
DS682,dataset_0682
DS683,dataset_0683
DS684,dataset_0684
DS685,dataset_0685
DS686,dataset_0686
DS687,dataset_0687
DS688,dataset_0688
DS689,dataset_0689
DS690,dataset_0690
DS691,dataset_0691
DS692,dataset_0692
DS693,dataset_0693
DS694,dataset_0694
DS695,dataset_0695
DS696,dataset_0696
DS697,dataset_0697
DS698,dataset_0698
DS699,dataset_0699
DS700,dataset_0700
DS701,dataset_0701
DS702,dataset_0702
DS703,dataset_0703
DS704,dataset_0704
DS705,dataset_0705
DS706,dataset_0706
DS707,dataset_0707
DS708,dataset_0708
DS709,dataset_0709
DS710,dataset_0710
DS711,dataset_0711
DS712,dataset_0712
DS713,dataset_0713
DS714,dataset_0714
DS715,dataset_0715
DS716,dataset_0716
DS717,dataset_0717
DS718,dataset_0718
DS719,dataset_0719
DS720,dataset_0720
DS721,dataset_0721
DS722,dataset_0722
DS723,dataset_0723
DS724,dataset_0724
DS725,dataset_0725
DS726,dataset_0726
DS727,dataset_0727
DS728,dataset_0728
DS729,dataset_0729
DS730,dataset_0730
DS731,dataset_0731
DS732,dataset_0732
DS733,dataset_0733
DS734,dataset_0734
DS735,dataset_0735
DS736,dataset_0736
DS737,dataset_0737
DS738,dataset_0738
DS739,dataset_0739
DS740,dataset_0740
DS741,dataset_0741
DS742,dataset_0742
DS743,dataset_0743
DS744,dataset_0744
DS745,dataset_0745
DS746,dataset_0746
DS747,dataset_0747
DS748,dataset_0748
DS749,dataset_0749
DS750,dataset_0750
DS751,dataset_0751
DS752,dataset_0752
DS753,dataset_0753
DS754,dataset_0754
DS755,dataset_0755
DS756,dataset_0756
DS757,dataset_0757
DS758,dataset_0758
DS759,dataset_0759
DS760,dataset_0760
DS761,dataset_0761
DS762,dataset_0762
DS763,dataset_0763
DS764,dataset_0764
DS765,dataset_0765
DS766,dataset_0766
DS767,dataset_0767
DS768,dataset_0768
DS769,dataset_0769
DS770,dataset_0770
DS771,dataset_0771
DS772,dataset_0772
DS773,dataset_0773
DS774,dataset_0774
DS775,dataset_0775
DS776,dataset_0776
DS777,dataset_0777
DS778,dataset_0778
DS779,dataset_0779
DS780,dataset_0780
DS781,dataset_0781
DS782,dataset_0782
DS783,dataset_0783
DS784,dataset_0784
DS785,dataset_0785
DS786,dataset_0786
DS787,dataset_0787
DS788,dataset_0788
DS789,dataset_0789
DS790,dataset_0790
DS791,dataset_0791
DS792,dataset_0792
DS793,dataset_0793
DS794,dataset_0794
DS795,dataset_0795
DS796,dataset_0796
DS797,dataset_0797
DS798,dataset_0798
DS799,dataset_0799
DS800,dataset_0800
DS801,dataset_0801
DS802,dataset_0802
DS803,dataset_0803
DS804,dataset_0804
DS805,dataset_0805
DS806,dataset_0806
DS807,dataset_0807
DS808,dataset_0808
DS809,dataset_0809
DS810,dataset_0810
DS811,dataset_0811
DS812,dataset_0812
DS813,dataset_0813
DS814,dataset_0814
DS815,dataset_0815
DS816,dataset_0816
DS817,dataset_0817
DS818,dataset_0818
DS819,dataset_0819
DS820,dataset_0820
DS821,dataset_0821
DS822,dataset_0822
DS823,dataset_0823
DS824,dataset_0824
DS825,dataset_0825
DS826,dataset_0826
DS827,dataset_0827
DS828,dataset_0828
DS829,dataset_0829
DS830,dataset_0830
DS831,dataset_0831
DS832,dataset_0832
DS833,dataset_0833
DS834,dataset_0834
DS835,dataset_0835
DS836,dataset_0836
DS837,dataset_0837
DS838,dataset_0838
DS839,dataset_0839
DS840,dataset_0840
DS841,dataset_0841
DS842,dataset_0842
DS843,dataset_0843
DS844,dataset_0844
DS845,dataset_0845
DS846,dataset_0846
DS847,dataset_0847
DS848,dataset_0848
DS849,dataset_0849
DS850,dataset_0850
DS851,dataset_0851
DS852,dataset_0852
DS853,dataset_0853
DS854,dataset_0854
DS855,dataset_0855
DS856,dataset_0856
DS857,dataset_0857
DS858,dataset_0858
DS859,dataset_0859
DS860,dataset_0860
DS861,dataset_0861
DS862,dataset_0862
DS863,dataset_0863
DS864,dataset_0864
DS865,dataset_0865
DS866,dataset_0866
DS867,dataset_0867
DS868,dataset_0868
DS869,dataset_0869
DS870,dataset_0870
DS871,dataset_0871
DS872,dataset_0872
DS873,dataset_0873
DS874,dataset_0874
DS875,dataset_0875
DS876,dataset_0876
DS877,dataset_0877
DS878,dataset_0878
DS879,dataset_0879
DS880,dataset_0880
DS881,dataset_0881
DS882,dataset_0882
DS883,dataset_0883
DS884,dataset_0884
DS885,dataset_0885
DS886,dataset_0886
DS887,dataset_0887
DS888,dataset_0888
DS889,dataset_0889
DS890,dataset_0890
DS891,dataset_0891
DS892,dataset_0892
DS893,dataset_0893
DS894,dataset_0894
DS895,dataset_0895
DS896,dataset_0896
DS897,dataset_0897
DS898,dataset_0898
DS899,dataset_0899
DS900,dataset_0900
DS901,dataset_0901
DS902,dataset_0902
DS903,dataset_0903
DS904,dataset_0904
DS905,dataset_0905
DS906,dataset_0906
DS907,dataset_0907
DS908,dataset_0908
DS909,dataset_0909
DS910,dataset_0910
DS911,dataset_0911
DS912,dataset_0912
DS913,dataset_0913
DS914,dataset_0914
DS915,dataset_0915
DS916,dataset_0916
DS917,dataset_0917
DS918,dataset_0918
DS919,dataset_0919
DS920,dataset_0920
DS921,dataset_0921
DS922,dataset_0922
DS923,dataset_0923
DS924,dataset_0924
DS925,dataset_0925
DS926,dataset_0926
DS927,dataset_0927
DS928,dataset_0928
DS929,dataset_0929
DS930,dataset_0930
DS931,dataset_0931
DS932,dataset_0932
DS933,dataset_0933
DS934,dataset_0934
DS935,dataset_0935
DS936,dataset_0936
DS937,dataset_0937
DS938,dataset_0938
DS939,dataset_0939
DS940,dataset_0940
DS941,dataset_0941
DS942,dataset_0942
DS943,dataset_0943
DS944,dataset_0944
DS945,dataset_0945
DS946,dataset_0946
DS947,dataset_0947
DS948,dataset_0948
DS949,dataset_0949
DS950,dataset_0950
DS951,dataset_0951
DS952,dataset_0952
DS953,dataset_0953
DS954,dataset_0954
DS955,dataset_0955
DS956,dataset_0956
DS957,dataset_0957
DS958,dataset_0958
DS959,dataset_0959
DS960,dataset_0960
DS961,dataset_0961
DS962,dataset_0962
DS963,dataset_0963
DS964,dataset_0964
DS965,dataset_0965
DS966,dataset_0966
DS967,dataset_0967
DS968,dataset_0968
DS969,dataset_0969
DS970,dataset_0970
DS971,dataset_0971
DS972,dataset_0972
DS973,dataset_0973
DS974,dataset_0974
DS975,dataset_0975
DS976,dataset_0976
DS977,dataset_0977
DS978,dataset_0978
DS979,dataset_0979
DS980,dataset_0980
DS981,dataset_0981
DS982,dataset_0982
DS983,dataset_0983
DS984,dataset_0984
DS985,dataset_0985
DS986,dataset_0986
DS987,dataset_0987
DS988,dataset_0988
DS989,dataset_0989
DS990,dataset_0990
DS991,dataset_0991
DS992,dataset_0992
DS993,dataset_0993
DS994,dataset_0994
DS995,dataset_0995
DS996,dataset_0996
DS997,dataset_0997
DS998,dataset_0998
DS999,dataset_0999
DS1000,dataset_1000
DS1001,dataset_1001
DS1002,dataset_1002
DS1003,dataset_1003
DS1004,dataset_1004
DS1005,dataset_1005
DS1006,dataset_1006
DS1007,dataset_1007
DS1008,dataset_1008
DS1009,dataset_1009
DS1010,dataset_1010
DS1011,dataset_1011
DS1012,dataset_1012
DS1013,dataset_1013
DS1014,dataset_1014
DS1015,dataset_1015
DS1016,dataset_1016
DS1017,dataset_1017
DS1018,dataset_1018
DS1019,dataset_1019
DS1020,dataset_1020
DS1021,dataset_1021
DS1022,dataset_1022
DS1023,dataset_1023
DS1024,dataset_1024
DS1025,dataset_1025
DS1026,dataset_1026
DS1027,dataset_1027
DS1028,dataset_1028
DS1029,dataset_1029
DS1030,dataset_1030
DS1031,dataset_1031
DS1032,dataset_1032
DS1033,dataset_1033
DS1034,dataset_1034
DS1035,dataset_1035
DS1036,dataset_1036
DS1037,dataset_1037
DS1038,dataset_1038
DS1039,dataset_1039
DS1040,dataset_1040
DS1041,dataset_1041
DS1042,dataset_1042
DS1043,dataset_1043
DS1044,dataset_1044
DS1045,dataset_1045
DS1046,dataset_1046
DS1047,dataset_1047
DS1048,dataset_1048
DS1049,dataset_1049
DS1050,dataset_1050
DS1051,dataset_1051
DS1052,dataset_1052
DS1053,dataset_1053
DS1054,dataset_1054
DS1055,dataset_1055
DS1056,dataset_1056
DS1057,dataset_1057
DS1058,dataset_1058
DS1059,dataset_1059
DS1060,dataset_1060
DS1061,dataset_1061
DS1062,dataset_1062
DS1063,dataset_1063
DS1064,dataset_1064
DS1065,dataset_1065
DS1066,dataset_1066
DS1067,dataset_1067
DS1068,dataset_1068
DS1069,dataset_1069
DS1070,dataset_1070
DS1071,dataset_1071
DS1072,dataset_1072
DS1073,dataset_1073
DS1074,dataset_1074
DS1075,dataset_1075
DS1076,dataset_1076
DS1077,dataset_1077
DS1078,dataset_1078
DS1079,dataset_1079
DS1080,dataset_1080
DS1081,dataset_1081
DS1082,dataset_1082
DS1083,dataset_1083
DS1084,dataset_1084
DS1085,dataset_1085
DS1086,dataset_1086
DS1087,dataset_1087
DS1088,dataset_1088
DS1089,dataset_1089
DS1090,dataset_1090
DS1091,dataset_1091
DS1092,dataset_1092
DS1093,dataset_1093
DS1094,dataset_1094
DS1095,dataset_1095
DS1096,dataset_1096
DS1097,dataset_1097
DS1098,dataset_1098
DS1099,dataset_1099
DS1100,dataset_1100
DS1101,dataset_1101
DS1102,dataset_1102
DS1103,dataset_1103
DS1104,dataset_1104
DS1105,dataset_1105
DS1106,dataset_1106
DS1107,dataset_1107
DS1108,dataset_1108
DS1109,dataset_1109
DS1110,dataset_1110
DS1111,dataset_1111
DS1112,dataset_1112
DS1113,dataset_1113
DS1114,dataset_1114
DS1115,dataset_1115
DS1116,dataset_1116
DS1117,dataset_1117
DS1118,dataset_1118
DS1119,dataset_1119
DS1120,dataset_1120
DS1121,dataset_1121
DS1122,dataset_1122
DS1123,dataset_1123
DS1124,dataset_1124
DS1125,dataset_1125
DS1126,dataset_1126
DS1127,dataset_1127
DS1128,dataset_1128
DS1129,dataset_1129
DS1130,dataset_1130
DS1131,dataset_1131
DS1132,dataset_1132
DS1133,dataset_1133
DS1134,dataset_1134
DS1135,dataset_1135
DS1136,dataset_1136
DS1137,dataset_1137
DS1138,dataset_1138
DS1139,dataset_1139
DS1140,dataset_1140
DS1141,dataset_1141
DS1142,dataset_1142
DS1143,dataset_1143
DS1144,dataset_1144
DS1145,dataset_1145
DS1146,dataset_1146
DS1147,dataset_1147
DS1148,dataset_1148
DS1149,dataset_1149
DS1150,dataset_1150
DS1151,dataset_1151
DS1152,dataset_1152
DS1153,dataset_1153
DS1154,dataset_1154
DS1155,dataset_1155
DS1156,dataset_1156
DS1157,dataset_1157
DS1158,dataset_1158
DS1159,dataset_1159
DS1160,dataset_1160
DS1161,dataset_1161
DS1162,dataset_1162
DS1163,dataset_1163
DS1164,dataset_1164
DS1165,dataset_1165
DS1166,dataset_1166
DS1167,dataset_1167
DS1168,dataset_1168
DS1169,dataset_1169
DS1170,dataset_1170
DS1171,dataset_1171
DS1172,dataset_1172
DS1173,dataset_1173
DS1174,dataset_1174
DS1175,dataset_1175
DS1176,dataset_1176
DS1177,dataset_1177
DS1178,dataset_1178
DS1179,dataset_1179
DS1180,dataset_1180
DS1181,dataset_1181
DS1182,dataset_1182
DS1183,dataset_1183
DS1184,dataset_1184
DS1185,dataset_1185
DS1186,dataset_1186
DS1187,dataset_1187
DS1188,dataset_1188
DS1189,dataset_1189
DS1190,dataset_1190
DS1191,dataset_1191
DS1192,dataset_1192
DS1193,dataset_1193
DS1194,dataset_1194
DS1195,dataset_1195
DS1196,dataset_1196
DS1197,dataset_1197
DS1198,dataset_1198
DS1199,dataset_1199
