sourceId,datasetId
SRC35,DS0
SRC20,DS1
SRC14,DS2
SRC20,DS3
SRC17,DS4
SRC13,DS5
SRC20,DS6
SRC31,DS7
SRC29,DS8
SRC16,DS9
SRC15,DS10
SRC34,DS11
SRC37,DS12
SRC37,DS13
SRC23,DS14
SRC8,DS15
SRC31,DS16
SRC3,DS17
SRC9,DS18
SRC27,DS19
SRC4,DS20
SRC24,DS21
SRC29,DS22
SRC16,DS23
SRC0,DS24
SRC34,DS25
SRC21,DS26
SRC18,DS27
SRC10,DS28
SRC0,DS29
SRC32,DS30
SRC32,DS31
SRC19,DS32
SRC38,DS33
SRC9,DS34
SRC10,DS35
SRC33,DS36
SRC38,DS37
SRC31,DS38
SRC7,DS39
SRC19,DS40
SRC3,DS41
SRC36,DS42
SRC5,DS43
SRC4,DS44
SRC8,DS45
SRC30,DS46
SRC10,DS47
SRC33,DS48
SRC27,DS49
SRC34,DS50
SRC19,DS51
SRC23,DS52
SRC33,DS53
SRC7,DS54
SRC14,DS55
SRC21,DS56
SRC37,DS57
SRC14,DS58
SRC14,DS59
SRC4,DS60
SRC14,DS61
SRC2,DS62
SRC4,DS63
SRC15,DS64
SRC31,DS65
SRC34,DS66
SRC36,DS67
SRC30,DS68
SRC30,DS69
SRC12,DS70
SRC6,DS71
SRC22,DS72
SRC26,DS73
SRC3,DS74
SRC3,DS75
SRC21,DS76
SRC15,DS77
SRC12,DS78
SRC28,DS79
SRC27,DS80
SRC17,DS81
SRC15,DS82
SRC28,DS83
SRC6,DS84
SRC34,DS85
SRC5,DS86
SRC10,DS87
SRC31,DS88
SRC13,DS89
SRC3,DS90
SRC24,DS91
SRC24,DS92
SRC29,DS93
SRC27,DS94
SRC31,DS95
SRC12,DS96
SRC13,DS97
SRC37,DS98
SRC3,DS99
SRC3,DS100
SRC37,DS101
SRC32,DS102
SRC10,DS103
SRC32,DS104
SRC11,DS105
SRC38,DS106
SRC15,DS107
SRC7,DS108
SRC15,DS109
SRC38,DS110
SRC39,DS111
SRC26,DS112
SRC36,DS113
SRC20,DS114
SRC13,DS115
SRC15,DS116
SRC25,DS117
SRC19,DS118
SRC20,DS119
SRC0,DS120
SRC39,DS121
SRC6,DS122
SRC34,DS123
SRC32,DS124
SRC8,DS125
SRC4,DS126
SRC23,DS127
SRC10,DS128
SRC34,DS129
SRC39,DS130
SRC0,DS131
SRC19,DS132
SRC8,DS133
SRC7,DS134
SRC35,DS135
SRC17,DS136
SRC38,DS137
SRC21,DS138
SRC16,DS139
SRC31,DS140
SRC3,DS141
SRC27,DS142
SRC2,DS143
SRC21,DS144
SRC16,DS145
SRC28,DS146
SRC27,DS147
SRC0,DS148
SRC4,DS149
SRC34,DS150
SRC23,DS151
SRC35,DS152
SRC27,DS153
SRC2,DS154
SRC23,DS155
SRC22,DS156
SRC15,DS157
SRC22,DS158
SRC26,DS159
SRC9,DS160
SRC10,DS161
SRC26,DS162
SRC11,DS163
SRC26,DS164
SRC17,DS165
SRC6,DS166
SRC2,DS167
SRC14,DS168
SRC29,DS169
SRC19,DS170
SRC14,DS171
SRC12,DS172
SRC21,DS173
SRC4,DS174
SRC22,DS175
SRC25,DS176
SRC21,DS177
SRC7,DS178
SRC11,DS179
SRC16,DS180
SRC6,DS181
SRC27,DS182
SRC20,DS183
SRC38,DS184
SRC7,DS185
SRC36,DS186
SRC16,DS187
SRC27,DS188
SRC33,DS189
SRC12,DS190
SRC27,DS191
SRC21,DS192
SRC20,DS193
SRC19,DS194
SRC19,DS195
SRC20,DS196
SRC18,DS197
SRC8,DS198
SRC26,DS199
SRC11,DS200
SRC36,DS201
SRC25,DS202
SRC0,DS203
SRC18,DS204
SRC27,DS205
SRC38,DS206
SRC29,DS207
SRC28,DS208
SRC32,DS209
SRC10,DS210
SRC18,DS211
SRC39,DS212
SRC5,DS213
SRC19,DS214
SRC12,DS215
SRC1,DS216
SRC15,DS217
SRC39,DS218
SRC29,DS219
SRC36,DS220
SRC24,DS221
SRC25,DS222
SRC9,DS223
SRC6,DS224
SRC14,DS225
SRC33,DS226
SRC3,DS227
SRC15,DS228
SRC29,DS229
SRC29,DS230
SRC35,DS231
SRC20,DS232
SRC39,DS233
SRC27,DS234
SRC28,DS235
SRC30,DS236
SRC16,DS237
SRC17,DS238
SRC31,DS239
SRC17,DS240
SRC4,DS241
SRC15,DS242
SRC21,DS243
SRC34,DS244
SRC8,DS245
SRC14,DS246
SRC9,DS247
SRC4,DS248
SRC26,DS249
SRC34,DS250
SRC26,DS251
SRC13,DS252
SRC24,DS253
SRC1,DS254
SRC24,DS255
SRC0,DS256
SRC19,DS257
SRC26,DS258
SRC34,DS259
SRC14,DS260
SRC14,DS261
SRC27,DS262
SRC1,DS263
SRC21,DS264
SRC10,DS265
SRC8,DS266
SRC34,DS267
SRC25,DS268
SRC36,DS269
SRC5,DS270
SRC8,DS271
SRC11,DS272
SRC16,DS273
SRC20,DS274
SRC29,DS275
SRC21,DS276
SRC17,DS277
SRC16,DS278
SRC30,DS279
SRC34,DS280
SRC22,DS281
SRC4,DS282
SRC1,DS283
SRC12,DS284
SRC39,DS285
SRC15,DS286
SRC30,DS287
SRC36,DS288
SRC29,DS289
SRC23,DS290
SRC38,DS291
SRC7,DS292
SRC19,DS293
SRC37,DS294
SRC19,DS295
SRC24,DS296
SRC12,DS297
SRC37,DS298
SRC6,DS299
SRC38,DS300
SRC36,DS301
SRC22,DS302
SRC27,DS303
SRC4,DS304
SRC21,DS305
SRC26,DS306
SRC6,DS307
SRC23,DS308
SRC9,DS309
SRC11,DS310
SRC17,DS311
SRC34,DS312
SRC29,DS313
SRC37,DS314
SRC20,DS315
SRC5,DS316
SRC28,DS317
SRC29,DS318
SRC39,DS319
SRC21,DS320
SRC31,DS321
SRC11,DS322
SRC13,DS323
SRC16,DS324
SRC17,DS325
SRC17,DS326
SRC0,DS327
SRC12,DS328
SRC15,DS329
SRC31,DS330
SRC15,DS331
SRC31,DS332
SRC1,DS333
SRC18,DS334
SRC25,DS335
SRC19,DS336
SRC23,DS337
SRC35,DS338
SRC22,DS339
SRC35,DS340
SRC22,DS341
SRC17,DS342
SRC16,DS343
SRC7,DS344
SRC20,DS345
SRC34,DS346
SRC12,DS347
SRC30,DS348
SRC37,DS349
SRC38,DS350
SRC6,DS351
SRC18,DS352
SRC23,DS353
SRC19,DS354
SRC34,DS355
SRC17,DS356
SRC3,DS357
SRC18,DS358
SRC31,DS359
SRC0,DS360
SRC18,DS361
SRC30,DS362
SRC21,DS363
SRC3,DS364
SRC30,DS365
SRC4,DS366
SRC31,DS367
SRC36,DS368
SRC9,DS369
SRC36,DS370
SRC5,DS371
SRC7,DS372
SRC26,DS373
SRC38,DS374
SRC14,DS375
SRC24,DS376
SRC28,DS377
SRC37,DS378
SRC19,DS379
SRC39,DS380
SRC39,DS381
SRC13,DS382
SRC16,DS383
SRC10,DS384
SRC11,DS385
SRC4,DS386
SRC0,DS387
SRC28,DS388
SRC30,DS389
SRC2,DS390
SRC18,DS391
SRC29,DS392
SRC14,DS393
SRC37,DS394
SRC27,DS395
SRC34,DS396
SRC9,DS397
SRC9,DS398
SRC3,DS399
SRC19,DS400
SRC36,DS401
SRC28,DS402
SRC29,DS403
SRC25,DS404
SRC32,DS405
SRC31,DS406
SRC5,DS407
SRC2,DS408
SRC20,DS409
SRC16,DS410
SRC5,DS411
SRC36,DS412
SRC1,DS413
SRC36,DS414
SRC11,DS415
SRC33,DS416
SRC17,DS417
SRC37,DS418
SRC31,DS419
SRC30,DS420
SRC26,DS421
SRC20,DS422
SRC10,DS423
SRC26,DS424
SRC18,DS425
SRC35,DS426
SRC29,DS427
SRC20,DS428
SRC20,DS429
SRC25,DS430
SRC0,DS431
SRC29,DS432
SRC3,DS433
SRC33,DS434
SRC39,DS435
SRC28,DS436
SRC13,DS437
SRC35,DS438
SRC18,DS439
SRC31,DS440
SRC1,DS441
SRC15,DS442
SRC19,DS443
SRC0,DS444
SRC26,DS445
SRC14,DS446
SRC29,DS447
SRC9,DS448
SRC18,DS449
SRC17,DS450
SRC30,DS451
SRC15,DS452
SRC35,DS453
SRC24,DS454
SRC38,DS455
SRC8,DS456
SRC17,DS457
SRC21,DS458
SRC17,DS459
SRC18,DS460
SRC37,DS461
SRC31,DS462
SRC28,DS463
SRC30,DS464
SRC21,DS465
SRC34,DS466
SRC29,DS467
SRC12,DS468
SRC36,DS469
SRC14,DS470
SRC2,DS471
SRC30,DS472
SRC24,DS473
SRC31,DS474
SRC8,DS475
SRC37,DS476
SRC6,DS477
SRC6,DS478
SRC29,DS479
SRC9,DS480
SRC9,DS481
SRC30,DS482
SRC21,DS483
SRC25,DS484
SRC21,DS485
SRC24,DS486
SRC31,DS487
SRC2,DS488
SRC4,DS489
SRC18,DS490
SRC5,DS491
SRC6,DS492
SRC28,DS493
SRC19,DS494
SRC2,DS495
SRC3,DS496
SRC22,DS497
SRC27,DS498
SRC15,DS499
SRC26,DS500
SRC11,DS501
SRC11,DS502
SRC39,DS503
SRC39,DS504
SRC31,DS505
SRC9,DS506
SRC29,DS507
SRC29,DS508
SRC0,DS509
SRC18,DS510
SRC10,DS511
SRC28,DS512
SRC37,DS513
SRC27,DS514
SRC29,DS515
SRC12,DS516
SRC30,DS517
SRC15,DS518
SRC36,DS519
SRC36,DS520
SRC18,DS521
SRC25,DS522
SRC0,DS523
SRC3,DS524
SRC31,DS525
SRC14,DS526
SRC22,DS527
SRC12,DS528
SRC16,DS529
SRC6,DS530
SRC19,DS531
SRC2,DS532
SRC23,DS533
SRC5,DS534
SRC20,DS535
SRC11,DS536
SRC8,DS537
SRC23,DS538
SRC32,DS539
SRC10,DS540
SRC30,DS541
SRC21,DS542
SRC29,DS543
SRC9,DS544
SRC25,DS545
SRC23,DS546
SRC25,DS547
SRC16,DS548
SRC7,DS549
SRC23,DS550
SRC37,DS551
SRC23,DS552
SRC14,DS553
SRC1,DS554
SRC35,DS555
SRC39,DS556
SRC4,DS557
SRC19,DS558
SRC7,DS559
SRC2,DS560
SRC19,DS561
SRC7,DS562
SRC15,DS563
SRC8,DS564
SRC29,DS565
SRC34,DS566
SRC37,DS567
SRC26,DS568
SRC31,DS569
SRC26,DS570
SRC2,DS571
SRC13,DS572
SRC28,DS573
SRC23,DS574
SRC23,DS575
SRC22,DS576
SRC25,DS577
SRC12,DS578
SRC29,DS579
SRC13,DS580
SRC1,DS581
SRC21,DS582
SRC8,DS583
SRC13,DS584
SRC35,DS585
SRC37,DS586
SRC14,DS587
SRC9,DS588
SRC0,DS589
SRC9,DS590
SRC34,DS591
SRC11,DS592
SRC1,DS593
SRC0,DS594
SRC15,DS595
SRC20,DS596
SRC11,DS597
SRC3,DS598
SRC26,DS599
SRC7,DS600
SRC30,DS601
SRC23,DS602
SRC37,DS603
SRC28,DS604
SRC14,DS605
SRC2,DS606
SRC19,DS607
SRC1,DS608
SRC30,DS609
SRC27,DS610
SRC31,DS611
SRC4,DS612
SRC20,DS613
SRC9,DS614
SRC8,DS615
SRC39,DS616
SRC35,DS617
SRC24,DS618
SRC33,DS619
SRC29,DS620
SRC38,DS621
SRC6,DS622
SRC35,DS623
SRC27,DS624
SRC14,DS625
SRC21,DS626
SRC25,DS627
SRC6,DS628
SRC27,DS629
SRC16,DS630
SRC9,DS631
SRC4,DS632
SRC5,DS633
SRC27,DS634
SRC23,DS635
SRC35,DS636
SRC37,DS637
SRC35,DS638
SRC7,DS639
SRC22,DS640
SRC3,DS641
SRC38,DS642
SRC22,DS643
SRC36,DS644
SRC13,DS645
SRC30,DS646
SRC6,DS647
SRC35,DS648
SRC7,DS649
SRC36,DS650
SRC27,DS651
SRC39,DS652
SRC35,DS653
SRC38,DS654
SRC1,DS655
SRC17,DS656
SRC21,DS657
SRC0,DS658
SRC9,DS659
SRC25,DS660
SRC9,DS661
SRC5,DS662
SRC13,DS663
SRC26,DS664
SRC21,DS665
SRC23,DS666
SRC20,DS667
SRC38,DS668
SRC3,DS669
SRC10,DS670
SRC3,DS671
SRC17,DS672
SRC27,DS673
SRC38,DS674
SRC26,DS675
SRC13,DS676
SRC7,DS677
SRC27,DS678
SRC18,DS679
SRC31,DS680
SRC19,DS681
SRC14,DS682
SRC38,DS683
SRC0,DS684
SRC19,DS685
SRC8,DS686
SRC18,DS687
SRC7,DS688
SRC31,DS689
SRC11,DS690
SRC24,DS691
SRC14,DS692
SRC35,DS693
SRC4,DS694
SRC2,DS695
SRC1,DS696
SRC4,DS697
SRC36,DS698
SRC36,DS699
SRC26,DS700
SRC7,DS701
SRC1,DS702
SRC10,DS703
SRC29,DS704
SRC5,DS705
SRC6,DS706
SRC27,DS707
SRC25,DS708
SRC5,DS709
SRC19,DS710
SRC14,DS711
SRC10,DS712
SRC32,DS713
SRC33,DS714
SRC12,DS715
SRC22,DS716
SRC15,DS717
SRC9,DS718
SRC12,DS719
SRC38,DS720
SRC4,DS721
SRC31,DS722
SRC36,DS723
SRC28,DS724
SRC39,DS725
SRC20,DS726
SRC28,DS727
SRC30,DS728
SRC19,DS729
SRC37,DS730
SRC22,DS731
SRC4,DS732
SRC29,DS733
SRC2,DS734
SRC23,DS735
SRC4,DS736
SRC39,DS737
SRC32,DS738
SRC29,DS739
SRC35,DS740
SRC28,DS741
SRC12,DS742
SRC38,DS743
SRC32,DS744
SRC3,DS745
SRC6,DS746
SRC5,DS747
SRC11,DS748
SRC15,DS749
SRC28,DS750
SRC33,DS751
SRC10,DS752
SRC23,DS753
SRC24,DS754
SRC21,DS755
SRC3,DS756
SRC4,DS757
SRC6,DS758
SRC24,DS759
SRC16,DS760
SRC9,DS761
SRC5,DS762
SRC9,DS763
SRC19,DS764
SRC8,DS765
SRC5,DS766
SRC35,DS767
SRC21,DS768
SRC33,DS769
SRC27,DS770
SRC23,DS771
SRC23,DS772
SRC11,DS773
SRC21,DS774
SRC12,DS775
SRC8,DS776
SRC4,DS777
SRC6,DS778
SRC34,DS779
SRC2,DS780
SRC39,DS781
SRC38,DS782
SRC9,DS783
SRC11,DS784
SRC10,DS785
SRC2,DS786
SRC23,DS787
SRC28,DS788
SRC18,DS789
SRC14,DS790
SRC15,DS791
SRC30,DS792
SRC23,DS793
SRC28,DS794
SRC18,DS795
SRC32,DS796
SRC26,DS797
SRC12,DS798
SRC8,DS799
SRC3,DS800
SRC23,DS801
SRC6,DS802
SRC7,DS803
SRC5,DS804
SRC17,DS805
SRC32,DS806
SRC27,DS807
SRC14,DS808
SRC22,DS809
SRC26,DS810
SRC25,DS811
SRC23,DS812
SRC24,DS813
SRC23,DS814
SRC1,DS815
SRC6,DS816
SRC9,DS817
SRC2,DS818
SRC30,DS819
SRC30,DS820
SRC39,DS821
SRC5,DS822
SRC16,DS823
SRC9,DS824
SRC38,DS825
SRC27,DS826
SRC18,DS827
SRC19,DS828
SRC3,DS829
SRC26,DS830
SRC29,DS831
SRC7,DS832
SRC38,DS833
SRC1,DS834
SRC36,DS835
SRC9,DS836
SRC27,DS837
SRC39,DS838
SRC15,DS839
SRC26,DS840
SRC5,DS841
SRC23,DS842
SRC33,DS843
SRC32,DS844
SRC35,DS845
SRC24,DS846
SRC2,DS847
SRC23,DS848
SRC1,DS849
SRC4,DS850
SRC15,DS851
SRC37,DS852
SRC8,DS853
SRC22,DS854
SRC21,DS855
SRC29,DS856
SRC11,DS857
SRC4,DS858
SRC2,DS859
SRC12,DS860
SRC12,DS861
SRC20,DS862
SRC32,DS863
SRC34,DS864
SRC16,DS865
SRC12,DS866
SRC22,DS867
SRC21,DS868
SRC7,DS869
SRC27,DS870
SRC28,DS871
SRC21,DS872
SRC31,DS873
SRC23,DS874
SRC17,DS875
SRC27,DS876
SRC27,DS877
SRC11,DS878
SRC18,DS879
SRC6,DS880
SRC20,DS881
SRC19,DS882
SRC38,DS883
SRC10,DS884
SRC22,DS885
SRC2,DS886
SRC39,DS887
SRC17,DS888
SRC4,DS889
SRC23,DS890
SRC10,DS891
SRC9,DS892
SRC28,DS893
SRC8,DS894
SRC15,DS895
SRC23,DS896
SRC36,DS897
SRC38,DS898
SRC28,DS899
SRC23,DS900
SRC4,DS901
SRC8,DS902
SRC23,DS903
SRC20,DS904
SRC15,DS905
SRC1,DS906
SRC31,DS907
SRC24,DS908
SRC7,DS909
SRC16,DS910
SRC13,DS911
SRC18,DS912
SRC12,DS913
SRC8,DS914
SRC28,DS915
SRC28,DS916
SRC20,DS917
SRC4,DS918
SRC34,DS919
SRC19,DS920
SRC11,DS921
SRC32,DS922
SRC7,DS923
SRC8,DS924
SRC31,DS925
SRC23,DS926
SRC36,DS927
SRC29,DS928
SRC8,DS929
SRC5,DS930
SRC19,DS931
SRC30,DS932
SRC26,DS933
SRC36,DS934
SRC8,DS935
SRC4,DS936
SRC29,DS937
SRC22,DS938
SRC35,DS939
SRC11,DS940
SRC27,DS941
SRC3,DS942
SRC33,DS943
SRC19,DS944
SRC10,DS945
SRC14,DS946
SRC33,DS947
SRC5,DS948
SRC12,DS949
SRC17,DS950
SRC19,DS951
SRC34,DS952
SRC32,DS953
SRC37,DS954
SRC9,DS955
SRC39,DS956
SRC21,DS957
SRC2,DS958
SRC5,DS959
SRC36,DS960
SRC13,DS961
SRC26,DS962
SRC1,DS963
SRC34,DS964
SRC19,DS965
SRC15,DS966
SRC19,DS967
SRC4,DS968
SRC10,DS969
SRC26,DS970
SRC29,DS971
SRC21,DS972
SRC9,DS973
SRC20,DS974
SRC25,DS975
SRC23,DS976
SRC35,DS977
SRC20,DS978
SRC29,DS979
SRC17,DS980
SRC15,DS981
SRC6,DS982
SRC18,DS983
SRC39,DS984
SRC15,DS985
SRC20,DS986
SRC20,DS987
SRC10,DS988
SRC32,DS989
SRC31,DS990
SRC31,DS991
SRC5,DS992
SRC32,DS993
SRC15,DS994
SRC37,DS995
SRC3,DS996
SRC18,DS997
SRC38,DS998
SRC18,DS999
SRC0,DS1000
SRC27,DS1001
SRC16,DS1002
SRC25,DS1003
SRC2,DS1004
SRC3,DS1005
SRC35,DS1006
SRC23,DS1007
SRC18,DS1008
SRC24,DS1009
SRC28,DS1010
SRC17,DS1011
SRC39,DS1012
SRC8,DS1013
SRC25,DS1014
SRC21,DS1015
SRC23,DS1016
SRC12,DS1017
SRC32,DS1018
SRC32,DS1019
SRC2,DS1020
SRC8,DS1021
SRC30,DS1022
SRC29,DS1023
SRC38,DS1024
SRC8,DS1025
SRC39,DS1026
SRC10,DS1027
SRC39,DS1028
SRC37,DS1029
SRC32,DS1030
SRC34,DS1031
SRC36,DS1032
SRC30,DS1033
SRC23,DS1034
SRC7,DS1035
SRC37,DS1036
SRC1,DS1037
SRC30,DS1038
SRC37,DS1039
SRC14,DS1040
SRC37,DS1041
SRC10,DS1042
SRC39,DS1043
SRC9,DS1044
SRC2,DS1045
SRC7,DS1046
SRC1,DS1047
SRC20,DS1048
SRC9,DS1049
SRC13,DS1050
SRC32,DS1051
SRC30,DS1052
SRC8,DS1053
SRC13,DS1054
SRC20,DS1055
SRC33,DS1056
SRC20,DS1057
SRC29,DS1058
SRC21,DS1059
SRC22,DS1060
SRC39,DS1061
SRC12,DS1062
SRC17,DS1063
SRC19,DS1064
SRC19,DS1065
SRC13,DS1066
SRC20,DS1067
SRC22,DS1068
SRC17,DS1069
SRC7,DS1070
SRC34,DS1071
SRC25,DS1072
SRC9,DS1073
SRC2,DS1074
SRC5,DS1075
SRC28,DS1076
SRC30,DS1077
SRC12,DS1078
SRC17,DS1079
SRC17,DS1080
SRC6,DS1081
SRC37,DS1082
SRC15,DS1083
SRC33,DS1084
SRC14,DS1085
SRC6,DS1086
SRC21,DS1087
SRC6,DS1088
SRC0,DS1089
SRC10,DS1090
SRC30,DS1091
SRC12,DS1092
SRC20,DS1093
SRC3,DS1094
SRC36,DS1095
SRC34,DS1096
SRC11,DS1097
SRC11,DS1098
SRC25,DS1099
SRC11,DS1100
SRC2,DS1101
SRC19,DS1102
SRC38,DS1103
SRC21,DS1104
SRC29,DS1105
SRC33,DS1106
SRC8,DS1107
SRC29,DS1108
SRC12,DS1109
SRC21,DS1110
SRC29,DS1111
SRC11,DS1112
SRC21,DS1113
SRC36,DS1114
SRC11,DS1115
SRC25,DS1116
SRC32,DS1117
SRC5,DS1118
SRC6,DS1119
SRC8,DS1120
SRC20,DS1121
SRC0,DS1122
SRC24,DS1123
SRC28,DS1124
SRC21,DS1125
SRC37,DS1126
SRC0,DS1127
SRC23,DS1128
SRC3,DS1129
SRC29,DS1130
SRC10,DS1131
SRC32,DS1132
SRC7,DS1133
SRC23,DS1134
SRC14,DS1135
SRC8,DS1136
SRC9,DS1137
SRC38,DS1138
SRC26,DS1139
SRC30,DS1140
SRC13,DS1141
SRC38,DS1142
SRC33,DS1143
SRC33,DS1144
SRC4,DS1145
SRC7,DS1146
SRC35,DS1147
SRC12,DS1148
SRC34,DS1149
SRC10,DS1150
SRC33,DS1151
SRC7,DS1152
SRC37,DS1153
SRC5,DS1154
SRC28,DS1155
SRC29,DS1156
SRC32,DS1157
SRC29,DS1158
SRC3,DS1159
SRC29,DS1160
SRC1,DS1161
SRC16,DS1162
SRC13,DS1163
SRC4,DS1164
SRC27,DS1165
SRC4,DS1166
SRC3,DS1167
SRC30,DS1168
SRC18,DS1169
SRC11,DS1170
SRC26,DS1171
SRC24,DS1172
SRC24,DS1173
SRC5,DS1174
SRC8,DS1175
SRC7,DS1176
SRC34,DS1177
SRC33,DS1178
SRC14,DS1179
SRC1,DS1180
SRC29,DS1181
SRC27,DS1182
SRC24,DS1183
SRC15,DS1184
SRC22,DS1185
SRC17,DS1186
SRC7,DS1187
SRC26,DS1188
SRC1,DS1189
SRC13,DS1190
SRC6,DS1191
SRC2,DS1192
SRC38,DS1193
SRC15,DS1194
SRC25,DS1195
SRC14,DS1196
SRC13,DS1197
SRC8,DS1198
SRC18,DS1199
