datasetId,buId
DS0,BU3
DS1,BU0
DS2,BU0
DS3,BU6
DS4,BU1
DS5,BU9
DS6,BU3
DS7,BU6
DS8,BU2
DS9,BU2
DS10,BU8
DS11,BU4
DS12,BU6
DS13,BU6
DS14,BU3
DS15,BU8
DS16,BU1
DS17,BU1
DS18,BU2
DS19,BU9
DS20,BU6
DS21,BU9
DS22,BU8
DS23,BU8
DS24,BU1
DS25,BU4
DS26,BU1
DS27,BU6
DS28,BU7
DS29,BU4
DS30,BU2
DS31,BU1
DS32,BU8
DS33,BU3
DS34,BU5
DS35,BU8
DS36,BU0
DS37,BU5
DS38,BU0
DS39,BU5
DS40,BU3
DS41,BU3
DS42,BU1
DS43,BU7
DS44,BU8
DS45,BU2
DS46,BU8
DS47,BU4
DS48,BU9
DS49,BU3
DS50,BU3
DS51,BU6
DS52,BU7
DS53,BU7
DS54,BU3
DS55,BU1
DS56,BU0
DS57,BU8
DS58,BU9
DS59,BU0
DS60,BU0
DS61,BU1
DS62,BU5
DS63,BU8
DS64,BU4
DS65,BU3
DS66,BU2
DS67,BU9
DS68,BU3
DS69,BU6
DS70,BU1
DS71,BU6
DS72,BU6
DS73,BU7
DS74,BU1
DS75,BU6
DS76,BU1
DS77,BU3
DS78,BU8
DS79,BU2
DS80,BU2
DS81,BU7
DS82,BU1
DS83,BU8
DS84,BU0
DS85,BU0
DS86,BU3
DS87,BU6
DS88,BU7
DS89,BU6
DS90,BU2
DS91,BU0
DS92,BU4
DS93,BU4
DS94,BU8
DS95,BU2
DS96,BU4
DS97,BU0
DS98,BU8
DS99,BU5
DS100,BU0
DS101,BU7
DS102,BU8
DS103,BU0
DS104,BU1
DS105,BU1
DS106,BU1
DS107,BU6
DS108,BU9
DS109,BU9
DS110,BU0
DS111,BU1
DS112,BU9
DS113,BU8
DS114,BU4
DS115,BU5
DS116,BU4
DS117,BU2
DS118,BU7
DS119,BU1
DS120,BU7
DS121,BU9
DS122,BU1
DS123,BU3
DS124,BU4
DS125,BU5
DS126,BU3
DS127,BU4
DS128,BU7
DS129,BU4
DS130,BU8
DS131,BU8
DS132,BU1
DS133,BU4
DS134,BU1
DS135,BU2
DS136,BU4
DS137,BU3
DS138,BU3
DS139,BU8
DS140,BU4
DS141,BU1
DS142,BU4
DS143,BU0
DS144,BU2
DS145,BU2
DS146,BU8
DS147,BU8
DS148,BU1
DS149,BU2
DS150,BU0
DS151,BU9
DS152,BU2
DS153,BU2
DS154,BU4
DS155,BU0
DS156,BU3
DS157,BU1
DS158,BU8
DS159,BU9
DS160,BU3
DS161,BU2
DS162,BU0
DS163,BU5
DS164,BU3
DS165,BU2
DS166,BU6
DS167,BU7
DS168,BU3
DS169,BU5
DS170,BU3
DS171,BU0
DS172,BU6
DS173,BU4
DS174,BU4
DS175,BU8
DS176,BU8
DS177,BU0
DS178,BU4
DS179,BU9
DS180,BU0
DS181,BU9
DS182,BU5
DS183,BU6
DS184,BU8
DS185,BU6
DS186,BU3
DS187,BU0
DS188,BU0
DS189,BU8
DS190,BU5
DS191,BU1
DS192,BU9
DS193,BU1
DS194,BU8
DS195,BU6
DS196,BU6
DS197,BU8
DS198,BU3
DS199,BU6
DS200,BU9
DS201,BU4
DS202,BU8
DS203,BU4
DS204,BU3
DS205,BU9
DS206,BU5
DS207,BU7
DS208,BU3
DS209,BU7
DS210,BU1
DS211,BU8
DS212,BU5
DS213,BU3
DS214,BU3
DS215,BU2
DS216,BU0
DS217,BU7
DS218,BU1
DS219,BU6
DS220,BU3
DS221,BU7
DS222,BU3
DS223,BU0
DS224,BU6
DS225,BU2
DS226,BU7
DS227,BU8
DS228,BU1
DS229,BU2
DS230,BU8
DS231,BU9
DS232,BU7
DS233,BU8
DS234,BU8
DS235,BU2
DS236,BU7
DS237,BU3
DS238,BU8
DS239,BU3
DS240,BU7
DS241,BU4
DS242,BU4
DS243,BU5
DS244,BU1
DS245,BU2
DS246,BU6
DS247,BU3
DS248,BU6
DS249,BU5
DS250,BU7
DS251,BU0
DS252,BU6
DS253,BU9
DS254,BU9
DS255,BU7
DS256,BU5
DS257,BU6
DS258,BU8
DS259,BU9
DS260,BU7
DS261,BU4
DS262,BU7
DS263,BU6
DS264,BU6
DS265,BU7
DS266,BU9
DS267,BU0
DS268,BU9
DS269,BU0
DS270,BU6
DS271,BU7
DS272,BU0
DS273,BU6
DS274,BU3
DS275,BU5
DS276,BU6
DS277,BU6
DS278,BU1
DS279,BU0
DS280,BU0
DS281,BU3
DS282,BU0
DS283,BU3
DS284,BU0
DS285,BU2
DS286,BU2
DS287,BU1
DS288,BU3
DS289,BU4
DS290,BU2
DS291,BU9
DS292,BU2
DS293,BU1
DS294,BU0
DS295,BU9
DS296,BU6
DS297,BU1
DS298,BU3
DS299,BU4
DS300,BU1
DS301,BU0
DS302,BU8
DS303,BU5
DS304,BU8
DS305,BU0
DS306,BU7
DS307,BU6
DS308,BU7
DS309,BU6
DS310,BU8
DS311,BU9
DS312,BU7
DS313,BU6
DS314,BU4
DS315,BU3
DS316,BU4
DS317,BU3
DS318,BU9
DS319,BU6
DS320,BU0
DS321,BU5
DS322,BU7
DS323,BU5
DS324,BU5
DS325,BU9
DS326,BU8
DS327,BU8
DS328,BU1
DS329,BU6
DS330,BU8
DS331,BU7
DS332,BU7
DS333,BU1
DS334,BU3
DS335,BU3
DS336,BU9
DS337,BU7
DS338,BU8
DS339,BU6
DS340,BU5
DS341,BU7
DS342,BU4
DS343,BU3
DS344,BU3
DS345,BU1
DS346,BU2
DS347,BU3
DS348,BU4
DS349,BU8
DS350,BU4
DS351,BU3
DS352,BU3
DS353,BU2
DS354,BU0
DS355,BU2
DS356,BU0
DS357,BU8
DS358,BU2
DS359,BU1
DS360,BU9
DS361,BU7
DS362,BU7
DS363,BU2
DS364,BU4
DS365,BU1
DS366,BU6
DS367,BU1
DS368,BU0
DS369,BU2
DS370,BU4
DS371,BU3
DS372,BU8
DS373,BU9
DS374,BU9
DS375,BU8
DS376,BU7
DS377,BU4
DS378,BU6
DS379,BU9
DS380,BU0
DS381,BU1
DS382,BU3
DS383,BU1
DS384,BU3
DS385,BU8
DS386,BU2
DS387,BU6
DS388,BU9
DS389,BU4
DS390,BU3
DS391,BU4
DS392,BU1
DS393,BU4
DS394,BU3
DS395,BU1
DS396,BU3
DS397,BU4
DS398,BU1
DS399,BU2
DS400,BU9
DS401,BU4
DS402,BU1
DS403,BU4
DS404,BU4
DS405,BU8
DS406,BU7
DS407,BU9
DS408,BU6
DS409,BU9
DS410,BU0
DS411,BU3
DS412,BU9
DS413,BU4
DS414,BU0
DS415,BU7
DS416,BU7
DS417,BU2
DS418,BU6
DS419,BU1
DS420,BU5
DS421,BU5
DS422,BU1
DS423,BU5
DS424,BU7
DS425,BU6
DS426,BU0
DS427,BU1
DS428,BU4
DS429,BU1
DS430,BU8
DS431,BU8
DS432,BU6
DS433,BU3
DS434,BU5
DS435,BU7
DS436,BU0
DS437,BU4
DS438,BU2
DS439,BU7
DS440,BU1
DS441,BU9
DS442,BU2
DS443,BU8
DS444,BU8
DS445,BU1
DS446,BU1
DS447,BU1
DS448,BU7
DS449,BU8
DS450,BU6
DS451,BU7
DS452,BU7
DS453,BU2
DS454,BU3
DS455,BU8
DS456,BU1
DS457,BU6
DS458,BU8
DS459,BU0
DS460,BU4
DS461,BU9
DS462,BU2
DS463,BU8
DS464,BU5
DS465,BU8
DS466,BU6
DS467,BU5
DS468,BU3
DS469,BU6
DS470,BU6
DS471,BU5
DS472,BU6
DS473,BU2
DS474,BU0
DS475,BU8
DS476,BU5
DS477,BU7
DS478,BU8
DS479,BU0
DS480,BU6
DS481,BU1
DS482,BU4
DS483,BU9
DS484,BU1
DS485,BU8
DS486,BU5
DS487,BU8
DS488,BU9
DS489,BU3
DS490,BU3
DS491,BU6
DS492,BU1
DS493,BU2
DS494,BU0
DS495,BU5
DS496,BU4
DS497,BU5
DS498,BU2
DS499,BU8
DS500,BU9
DS501,BU2
DS502,BU1
DS503,BU6
DS504,BU3
DS505,BU9
DS506,BU3
DS507,BU4
DS508,BU4
DS509,BU7
DS510,BU8
DS511,BU1
DS512,BU5
DS513,BU4
DS514,BU4
DS515,BU4
DS516,BU6
DS517,BU1
DS518,BU6
DS519,BU5
DS520,BU4
DS521,BU0
DS522,BU4
DS523,BU9
DS524,BU9
DS525,BU4
DS526,BU9
DS527,BU3
DS528,BU9
DS529,BU2
DS530,BU0
DS531,BU7
DS532,BU9
DS533,BU2
DS534,BU4
DS535,BU6
DS536,BU3
DS537,BU8
DS538,BU8
DS539,BU4
DS540,BU4
DS541,BU4
DS542,BU1
DS543,BU1
DS544,BU3
DS545,BU8
DS546,BU1
DS547,BU0
DS548,BU8
DS549,BU7
DS550,BU4
DS551,BU6
DS552,BU1
DS553,BU7
DS554,BU9
DS555,BU5
DS556,BU3
DS557,BU7
DS558,BU6
DS559,BU2
DS560,BU0
DS561,BU7
DS562,BU1
DS563,BU8
DS564,BU6
DS565,BU5
DS566,BU6
DS567,BU2
DS568,BU1
DS569,BU9
DS570,BU4
DS571,BU5
DS572,BU7
DS573,BU3
DS574,BU1
DS575,BU8
DS576,BU0
DS577,BU4
DS578,BU1
DS579,BU1
DS580,BU9
DS581,BU0
DS582,BU3
DS583,BU9
DS584,BU1
DS585,BU3
DS586,BU3
DS587,BU5
DS588,BU9
DS589,BU4
DS590,BU2
DS591,BU4
DS592,BU1
DS593,BU2
DS594,BU5
DS595,BU9
DS596,BU0
DS597,BU4
DS598,BU2
DS599,BU8
DS600,BU1
DS601,BU7
DS602,BU8
DS603,BU1
DS604,BU8
DS605,BU9
DS606,BU8
DS607,BU7
DS608,BU0
DS609,BU6
DS610,BU1
DS611,BU7
DS612,BU1
DS613,BU9
DS614,BU1
DS615,BU4
DS616,BU9
DS617,BU5
DS618,BU9
DS619,BU4
DS620,BU8
DS621,BU6
DS622,BU1
DS623,BU3
DS624,BU7
DS625,BU6
DS626,BU7
DS627,BU6
DS628,BU5
DS629,BU5
DS630,BU5
DS631,BU7
DS632,BU1
DS633,BU1
DS634,BU1
DS635,BU2
DS636,BU0
DS637,BU8
DS638,BU5
DS639,BU6
DS640,BU6
DS641,BU4
DS642,BU4
DS643,BU1
DS644,BU8
DS645,BU2
DS646,BU3
DS647,BU5
DS648,BU5
DS649,BU4
DS650,BU3
DS651,BU8
DS652,BU9
DS653,BU0
DS654,BU4
DS655,BU2
DS656,BU4
DS657,BU5
DS658,BU2
DS659,BU9
DS660,BU1
DS661,BU0
DS662,BU8
DS663,BU6
DS664,BU7
DS665,BU2
DS666,BU4
DS667,BU9
DS668,BU1
DS669,BU2
DS670,BU9
DS671,BU1
DS672,BU7
DS673,BU7
DS674,BU7
DS675,BU4
DS676,BU8
DS677,BU5
DS678,BU1
DS679,BU9
DS680,BU8
DS681,BU0
DS682,BU6
DS683,BU0
DS684,BU3
DS685,BU3
DS686,BU4
DS687,BU5
DS688,BU0
DS689,BU6
DS690,BU2
DS691,BU8
DS692,BU8
DS693,BU5
DS694,BU6
DS695,BU6
DS696,BU7
DS697,BU5
DS698,BU6
DS699,BU6
DS700,BU4
DS701,BU6
DS702,BU5
DS703,BU9
DS704,BU5
DS705,BU6
DS706,BU3
DS707,BU9
DS708,BU8
DS709,BU6
DS710,BU5
DS711,BU5
DS712,BU1
DS713,BU1
DS714,BU8
DS715,BU5
DS716,BU2
DS717,BU1
DS718,BU4
DS719,BU2
DS720,BU2
DS721,BU2
DS722,BU7
DS723,BU9
DS724,BU9
DS725,BU5
DS726,BU2
DS727,BU1
DS728,BU7
DS729,BU4
DS730,BU0
DS731,BU8
DS732,BU4
DS733,BU7
DS734,BU0
DS735,BU4
DS736,BU1
DS737,BU9
DS738,BU6
DS739,BU9
DS740,BU0
DS741,BU9
DS742,BU5
DS743,BU7
DS744,BU2
DS745,BU7
DS746,BU5
DS747,BU8
DS748,BU0
DS749,BU7
DS750,BU8
DS751,BU9
DS752,BU5
DS753,BU4
DS754,BU6
DS755,BU9
DS756,BU5
DS757,BU5
DS758,BU8
DS759,BU4
DS760,BU9
DS761,BU5
DS762,BU9
DS763,BU5
DS764,BU6
DS765,BU9
DS766,BU4
DS767,BU6
DS768,BU2
DS769,BU1
DS770,BU8
DS771,BU0
DS772,BU4
DS773,BU3
DS774,BU7
DS775,BU3
DS776,BU2
DS777,BU4
DS778,BU8
DS779,BU8
DS780,BU5
DS781,BU2
DS782,BU6
DS783,BU2
DS784,BU9
DS785,BU7
DS786,BU6
DS787,BU3
DS788,BU9
DS789,BU7
DS790,BU8
DS791,BU4
DS792,BU3
DS793,BU9
DS794,BU7
DS795,BU6
DS796,BU8
DS797,BU2
DS798,BU9
DS799,BU4
DS800,BU7
DS801,BU8
DS802,BU8
DS803,BU4
DS804,BU2
DS805,BU7
DS806,BU2
DS807,BU1
DS808,BU7
DS809,BU0
DS810,BU0
DS811,BU8
DS812,BU3
DS813,BU1
DS814,BU3
DS815,BU5
DS816,BU5
DS817,BU2
DS818,BU4
DS819,BU2
DS820,BU7
DS821,BU0
DS822,BU0
DS823,BU3
DS824,BU8
DS825,BU8
DS826,BU1
DS827,BU3
DS828,BU1
DS829,BU3
DS830,BU9
DS831,BU1
DS832,BU7
DS833,BU8
DS834,BU8
DS835,BU3
DS836,BU4
DS837,BU0
DS838,BU5
DS839,BU9
DS840,BU2
DS841,BU8
DS842,BU1
DS843,BU8
DS844,BU8
DS845,BU0
DS846,BU7
DS847,BU6
DS848,BU4
DS849,BU5
DS850,BU5
DS851,BU1
DS852,BU5
DS853,BU0
DS854,BU8
DS855,BU2
DS856,BU7
DS857,BU2
DS858,BU7
DS859,BU4
DS860,BU0
DS861,BU0
DS862,BU4
DS863,BU6
DS864,BU7
DS865,BU0
DS866,BU4
DS867,BU0
DS868,BU4
DS869,BU5
DS870,BU6
DS871,BU6
DS872,BU2
DS873,BU7
DS874,BU8
DS875,BU1
DS876,BU1
DS877,BU9
DS878,BU8
DS879,BU5
DS880,BU1
DS881,BU4
DS882,BU7
DS883,BU6
DS884,BU7
DS885,BU7
DS886,BU5
DS887,BU6
DS888,BU0
DS889,BU6
DS890,BU8
DS891,BU0
DS892,BU9
DS893,BU0
DS894,BU1
DS895,BU5
DS896,BU6
DS897,BU0
DS898,BU2
DS899,BU5
DS900,BU7
DS901,BU9
DS902,BU8
DS903,BU6
DS904,BU4
DS905,BU1
DS906,BU2
DS907,BU8
DS908,BU8
DS909,BU4
DS910,BU7
DS911,BU9
DS912,BU7
DS913,BU1
DS914,BU1
DS915,BU2
DS916,BU1
DS917,BU5
DS918,BU8
DS919,BU4
DS920,BU2
DS921,BU5
DS922,BU3
DS923,BU3
DS924,BU3
DS925,BU0
DS926,BU8
DS927,BU5
DS928,BU8
DS929,BU9
DS930,BU1
DS931,BU6
DS932,BU8
DS933,BU6
DS934,BU1
DS935,BU5
DS936,BU7
DS937,BU8
DS938,BU2
DS939,BU9
DS940,BU2
DS941,BU8
DS942,BU1
DS943,BU2
DS944,BU2
DS945,BU5
DS946,BU5
DS947,BU4
DS948,BU4
DS949,BU8
DS950,BU2
DS951,BU9
DS952,BU1
DS953,BU2
DS954,BU9
DS955,BU2
DS956,BU9
DS957,BU9
DS958,BU0
DS959,BU0
DS960,BU4
DS961,BU9
DS962,BU9
DS963,BU7
DS964,BU4
DS965,BU7
DS966,BU6
DS967,BU7
DS968,BU0
DS969,BU7
DS970,BU7
DS971,BU3
DS972,BU9
DS973,BU5
DS974,BU5
DS975,BU2
DS976,BU8
DS977,BU1
DS978,BU3
DS979,BU1
DS980,BU7
DS981,BU2
DS982,BU0
DS983,BU6
DS984,BU6
DS985,BU2
DS986,BU9
DS987,BU3
DS988,BU7
DS989,BU7
DS990,BU4
DS991,BU0
DS992,BU6
DS993,BU7
DS994,BU3
DS995,BU5
DS996,BU0
DS997,BU7
DS998,BU7
DS999,BU8
DS1000,BU1
DS1001,BU2
DS1002,BU5
DS1003,BU5
DS1004,BU6
DS1005,BU9
DS1006,BU3
DS1007,BU8
DS1008,BU1
DS1009,BU8
DS1010,BU8
DS1011,BU9
DS1012,BU1
DS1013,BU1
DS1014,BU5
DS1015,BU8
DS1016,BU2
DS1017,BU9
DS1018,BU6
DS1019,BU0
DS1020,BU0
DS1021,BU5
DS1022,BU8
DS1023,BU2
DS1024,BU8
DS1025,BU5
DS1026,BU5
DS1027,BU6
DS1028,BU4
DS1029,BU5
DS1030,BU8
DS1031,BU7
DS1032,BU4
DS1033,BU0
DS1034,BU5
DS1035,BU6
DS1036,BU4
DS1037,BU9
DS1038,BU4
DS1039,BU9
DS1040,BU0
DS1041,BU7
DS1042,BU8
DS1043,BU6
DS1044,BU3
DS1045,BU9
DS1046,BU3
DS1047,BU7
DS1048,BU6
DS1049,BU6
DS1050,BU6
DS1051,BU9
DS1052,BU0
DS1053,BU8
DS1054,BU8
DS1055,BU7
DS1056,BU6
DS1057,BU2
DS1058,BU8
DS1059,BU8
DS1060,BU4
DS1061,BU7
DS1062,BU3
DS1063,BU8
DS1064,BU3
DS1065,BU4
DS1066,BU7
DS1067,BU7
DS1068,BU8
DS1069,BU4
DS1070,BU9
DS1071,BU6
DS1072,BU5
DS1073,BU4
DS1074,BU4
DS1075,BU5
DS1076,BU4
DS1077,BU3
DS1078,BU8
DS1079,BU8
DS1080,BU2
DS1081,BU9
DS1082,BU3
DS1083,BU0
DS1084,BU3
DS1085,BU0
DS1086,BU6
DS1087,BU7
DS1088,BU2
DS1089,BU8
DS1090,BU6
DS1091,BU7
DS1092,BU4
DS1093,BU4
DS1094,BU1
DS1095,BU3
DS1096,BU0
DS1097,BU6
DS1098,BU0
DS1099,BU7
DS1100,BU4
DS1101,BU0
DS1102,BU9
DS1103,BU1
DS1104,BU4
DS1105,BU8
DS1106,BU7
DS1107,BU8
DS1108,BU4
DS1109,BU1
DS1110,BU2
DS1111,BU4
DS1112,BU0
DS1113,BU4
DS1114,BU3
DS1115,BU9
DS1116,BU6
DS1117,BU5
DS1118,BU6
DS1119,BU2
DS1120,BU7
DS1121,BU3
DS1122,BU4
DS1123,BU3
DS1124,BU4
DS1125,BU4
DS1126,BU9
DS1127,BU4
DS1128,BU3
DS1129,BU1
DS1130,BU4
DS1131,BU6
DS1132,BU4
DS1133,BU4
DS1134,BU9
DS1135,BU3
DS1136,BU7
DS1137,BU7
DS1138,BU5
DS1139,BU8
DS1140,BU8
DS1141,BU3
DS1142,BU1
DS1143,BU7
DS1144,BU5
DS1145,BU9
DS1146,BU0
DS1147,BU8
DS1148,BU9
DS1149,BU2
DS1150,BU5
DS1151,BU7
DS1152,BU3
DS1153,BU7
DS1154,BU8
DS1155,BU0
DS1156,BU2
DS1157,BU6
DS1158,BU9
DS1159,BU8
DS1160,BU4
DS1161,BU6
DS1162,BU0
DS1163,BU9
DS1164,BU0
DS1165,BU5
DS1166,BU8
DS1167,BU1
DS1168,BU0
DS1169,BU6
DS1170,BU2
DS1171,BU5
DS1172,BU7
DS1173,BU6
DS1174,BU8
DS1175,BU5
DS1176,BU2
DS1177,BU6
DS1178,BU2
DS1179,BU0
DS1180,BU4
DS1181,BU8
DS1182,BU8
DS1183,BU3
DS1184,BU7
DS1185,BU2
DS1186,BU3
DS1187,BU0
DS1188,BU9
DS1189,BU3
DS1190,BU1
DS1191,BU9
DS1192,BU7
DS1193,BU0
DS1194,BU0
DS1195,BU7
DS1196,BU8
DS1197,BU0
DS1198,BU8
DS1199,BU3
