transformId,fieldId
T0,F10495
T1,F2981
T2,F16122
T3,F5641
T4,F6134
T5,F16792
T6,F5829
T7,F17629
T8,F4773
T9,F12987
T10,F14931
T11,F7026
T12,F4443
T13,F7973
T14,F12823
T15,F10789
T16,F8482
T17,F5750
T18,F9142
T19,F15694
T20,F13848
T21,F5849
T22,F4118
T23,F9981
T24,F10154
T25,F14221
T26,F4955
T27,F13166
T28,F2808
T29,F9736
T30,F6512
T31,F12726
T32,F12525
T33,F14101
T34,F12062
T35,F12030
T36,F12008
T37,F10238
T38,F5539
T39,F12507
T40,F5026
T41,F8218
T42,F16595
T43,F17423
T44,F6021
T45,F4839
T46,F15959
T47,F7100
T48,F9011
T49,F14371
T50,F15062
T51,F14181
T52,F12753
T53,F15650
T54,F3980
T55,F8494
T56,F17973
T57,F10252
T58,F3379
T59,F11678
T60,F5797
T61,F6039
T62,F4335
T63,F5437
T64,F8362
T65,F15096
T66,F13875
T67,F12108
T68,F14908
T69,F2734
T70,F8412
T71,F14234
T72,F10551
T73,F13972
T74,F6872
T75,F5514
T76,F7947
T77,F14158
T78,F6171
T79,F6853
T80,F4070
T81,F7229
T82,F6587
T83,F13371
T84,F5743
T85,F3013
T86,F5410
T87,F9086
T88,F17178
T89,F2726
T90,F15182
T91,F12651
T92,F16901
T93,F12903
T94,F10387
T95,F4621
T96,F17368
T97,F12506
T98,F3542
T99,F10362
T100,F5650
T101,F4115
T102,F7997
T103,F3106
T104,F17854
T105,F12127
T106,F17711
T107,F17838
T108,F8545
T109,F10943
T110,F11537
T111,F9454
T112,F7658
T113,F17126
T114,F3946
T115,F13195
T116,F8912
T117,F9268
T118,F8085
T119,F17900
T120,F5710
T121,F13954
T122,F11080
T123,F10021
T124,F8521
T125,F13207
T126,F4654
T127,F9797
T128,F5915
T129,F7302
T130,F7749
T131,F6048
T132,F17281
T133,F9251
T134,F13093
T135,F13361
T136,F6840
T137,F13771
T138,F12615
T139,F5438
T140,F17629
T141,F6021
T142,F13314
T143,F13498
T144,F13014
T145,F11118
T146,F14020
T147,F4872
T148,F16000
T149,F10108
T150,F13201
T151,F12579
T152,F12908
T153,F8464
T154,F14738
T155,F9512
T156,F11624
T157,F14022
T158,F16120
T159,F16473
T160,F11978
T161,F3873
T162,F15042
T163,F17668
T164,F12776
T165,F5289
T166,F12515
T167,F10968
T168,F12013
T169,F3598
T170,F14962
T171,F14646
T172,F5714
T173,F10380
T174,F17510
T175,F13160
T176,F4982
T177,F5927
T178,F6673
T179,F5159
T180,F11562
T181,F4665
T182,F17762
T183,F12556
T184,F10364
T185,F6728
T186,F14402
T187,F12418
T188,F7690
T189,F15745
T190,F3087
T191,F11348
T192,F13774
T193,F12960
T194,F10986
T195,F16511
T196,F11182
T197,F6279
T198,F11706
T199,F14181
T200,F17328
T201,F2721
T202,F3565
T203,F16575
T204,F16229
T205,F2797
T206,F13347
T207,F15744
T208,F12397
T209,F15953
T210,F3653
T211,F4578
T212,F10989
T213,F10728
T214,F10609
T215,F6679
T216,F9489
T217,F14475
T218,F17955
T219,F6538
T220,F3900
T221,F7334
T222,F9426
T223,F13916
T224,F17238
T225,F11242
T226,F16447
T227,F11312
T228,F16243
T229,F7373
T230,F15248
T231,F8235
T232,F3488
T233,F8214
T234,F10813
T235,F10121
T236,F11891
T237,F11809
T238,F15339
T239,F16688
T240,F14941
T241,F4153
T242,F10471
T243,F11789
T244,F11173
T245,F4563
T246,F16439
T247,F3042
T248,F8955
T249,F11917
T250,F17970
T251,F17933
T252,F9577
T253,F3702
T254,F8664
T255,F5945
T256,F3131
T257,F10510
T258,F14215
T259,F13927
T260,F16705
T261,F17955
T262,F15289
T263,F4430
T264,F6868
T265,F8760
T266,F15086
T267,F6344
T268,F3119
T269,F12271
T270,F14752
T271,F3818
T272,F15837
T273,F17800
T274,F4336
T275,F14605
T276,F15875
T277,F15463
T278,F4147
T279,F9061
T280,F4352
T281,F9574
T282,F15365
T283,F16170
T284,F3338
T285,F13984
T286,F8231
T287,F15872
T288,F16976
T289,F10243
T290,F14355
T291,F16982
T292,F3774
T293,F13115
T294,F6044
T295,F12410
T296,F4842
T297,F3757
T298,F12250
T299,F7296
T300,F6751
T301,F11779
T302,F13536
T303,F17309
T304,F9788
T305,F16365
T306,F10702
T307,F3460
T308,F17725
T309,F5860
T310,F15196
T311,F15288
T312,F11560
T313,F9393
T314,F9992
T315,F7914
T316,F14428
T317,F13987
T318,F16701
T319,F13703
T320,F4965
T321,F15724
T322,F3280
T323,F11436
T324,F7977
T325,F16505
T326,F4361
T327,F11310
T328,F16428
T329,F17046
T330,F6644
T331,F15639
T332,F14941
T333,F15221
T334,F7789
T335,F9096
T336,F11431
T337,F16473
T338,F13565
T339,F6510
T340,F13527
T341,F7561
T342,F10892
T343,F16382
T344,F14944
T345,F17697
T346,F10681
T347,F11977
T348,F12864
T349,F16960
T350,F3816
T351,F8798
T352,F15026
T353,F14410
T354,F5370
T355,F4878
T356,F14598
T357,F10132
T358,F15236
T359,F3907
T360,F16508
T361,F14612
T362,F9807
T363,F5383
T364,F7931
T365,F6175
T366,F3179
T367,F6416
T368,F14839
T369,F10177
T370,F5201
T371,F5866
T372,F10326
T373,F10496
T374,F6050
T375,F15191
T376,F5259
T377,F11716
T378,F9930
T379,F9863
T380,F13787
T381,F16160
T382,F15409
T383,F6666
T384,F13864
T385,F13651
T386,F5707
T387,F11723
T388,F6640
T389,F7184
T390,F13597
T391,F9377
T392,F2998
T393,F11496
T394,F17014
T395,F9877
T396,F8115
T397,F16143
T398,F7550
T399,F3841
T400,F9367
T401,F14516
T402,F4556
T403,F4873
T404,F17317
T405,F14370
T406,F16491
T407,F7859
T408,F13169
T409,F15934
T410,F15621
T411,F2930
T412,F12761
T413,F17402
T414,F5714
T415,F7008
T416,F13976
T417,F15707
T418,F4579
T419,F2793
T420,F14440
T421,F6211
T422,F3522
T423,F4047
T424,F3543
T425,F15230
T426,F16686
T427,F13913
T428,F13270
T429,F5656
T430,F5784
T431,F11707
T432,F12205
T433,F6779
T434,F13204
T435,F7148
T436,F15051
T437,F15505
T438,F7170
T439,F10469
T440,F10338
T441,F5053
T442,F16615
T443,F9241
T444,F10357
T445,F7467
T446,F17375
T447,F9070
T448,F14625
T449,F17918
T450,F10212
T451,F13930
T452,F13930
T453,F4967
T454,F15019
T455,F13445
T456,F13274
T457,F7269
T458,F7462
T459,F9052
T460,F10704
T461,F15256
T462,F8791
T463,F15002
T464,F5582
T465,F10495
T466,F11047
T467,F9682
T468,F9617
T469,F15421
T470,F15897
T471,F6500
T472,F14418
T473,F14938
T474,F11515
T475,F9627
T476,F11637
T477,F6075
T478,F13846
T479,F8528
T480,F12750
T481,F6075
T482,F11603
T483,F4519
T484,F3039
T485,F10862
T486,F17407
T487,F8039
T488,F16456
T489,F15942
T490,F10670
T491,F4838
T492,F15878
T493,F14581
T494,F7283
T495,F11113
T496,F15812
T497,F13829
T498,F10502
T499,F13861
T500,F10458
T501,F10742
T502,F5233
T503,F14920
T504,F6555
T505,F3208
T506,F17998
T507,F8905
T508,F6314
T509,F5051
T510,F15613
T511,F3898
T512,F4678
T513,F11507
T514,F3602
T515,F14984
T516,F12308
T517,F8587
T518,F9657
T519,F16393
T520,F7385
T521,F7018
T522,F12757
T523,F4695
T524,F15652
T525,F14762
T526,F14621
T527,F3334
T528,F4684
T529,F3571
T530,F17440
T531,F16172
T532,F10286
T533,F5231
T534,F12668
T535,F14876
T536,F7611
T537,F10348
T538,F16739
T539,F5416
T540,F16411
T541,F15152
T542,F11065
T543,F2982
T544,F5820
T545,F16578
T546,F13221
T547,F6555
T548,F4594
T549,F10412
T550,F11531
T551,F14141
T552,F3011
T553,F16666
T554,F5365
T555,F15023
T556,F12948
T557,F13590
T558,F12347
T559,F14157
T560,F13776
T561,F8770
T562,F4314
T563,F17920
T564,F10747
T565,F7301
T566,F11481
T567,F13638
T568,F4135
T569,F16669
T570,F5599
T571,F10131
T572,F10399
T573,F13531
T574,F3473
T575,F3424
T576,F14566
T577,F6516
T578,F3323
T579,F10572
T580,F12620
T581,F7626
T582,F9805
T583,F16853
T584,F16132
T585,F4124
T586,F7831
T587,F15952
T588,F10778
T589,F14022
T590,F12174
T591,F12395
T592,F13940
T593,F7939
T594,F6801
T595,F15784
T596,F13907
T597,F9516
T598,F15377
T599,F5946
T600,F13576
T601,F6724
T602,F12810
T603,F16736
T604,F11182
T605,F11834
T606,F14574
T607,F15972
T608,F7427
T609,F12250
T610,F3994
T611,F17422
T612,F2810
T613,F5559
T614,F16982
T615,F10860
T616,F15100
T617,F12966
T618,F2794
T619,F3163
T620,F6430
T621,F13156
T622,F7226
T623,F4234
T624,F8520
T625,F7067
T626,F10044
T627,F3936
T628,F7783
T629,F4316
T630,F17643
T631,F10685
T632,F12375
T633,F11143
T634,F14125
T635,F6350
T636,F4687
T637,F4921
T638,F4636
T639,F13743
T640,F16439
T641,F17876
T642,F12537
T643,F6205
T644,F14699
T645,F13442
T646,F6550
T647,F7271
T648,F4229
T649,F11914
T650,F6728
T651,F14880
T652,F10235
T653,F6772
T654,F8143
T655,F5443
T656,F13456
T657,F15018
T658,F6271
T659,F11262
T660,F12505
T661,F15540
T662,F4787
T663,F14838
T664,F7722
T665,F11923
T666,F13155
T667,F4732
T668,F15061
T669,F11357
T670,F6625
T671,F8822
T672,F4409
T673,F5624
T674,F12642
T675,F10768
T676,F17288
T677,F8797
T678,F3732
T679,F4521
T680,F15578
T681,F12076
T682,F17610
T683,F4414
T684,F17754
T685,F16922
T686,F6598
T687,F17431
T688,F9379
T689,F8068
T690,F5703
T691,F8666
T692,F13445
T693,F14009
T694,F6512
T695,F8152
T696,F10014
T697,F8034
T698,F7894
T699,F11984
T700,F8694
T701,F10253
T702,F13370
T703,F12945
T704,F4323
T705,F7761
T706,F16729
T707,F15330
T708,F8370
T709,F13655
T710,F14740
T711,F11231
T712,F6118
T713,F14689
T714,F17514
T715,F4105
T716,F7602
T717,F9733
T718,F7046
T719,F12694
T720,F8637
T721,F8978
T722,F13494
T723,F9106
T724,F4897
T725,F14076
T726,F4471
T727,F2742
T728,F5537
T729,F11094
T730,F5484
T731,F9490
T732,F10075
T733,F2828
T734,F10438
T735,F6585
T736,F11956
T737,F14687
T738,F4048
T739,F9774
T740,F14488
T741,F8500
T742,F14475
T743,F6856
T744,F15698
T745,F15087
T746,F13614
T747,F4806
T748,F11668
T749,F5888
T750,F2764
T751,F16680
T752,F5018
T753,F4963
T754,F5976
T755,F9134
T756,F7510
T757,F15444
T758,F7289
T759,F7246
T760,F14113
T761,F9651
T762,F7104
T763,F8339
T764,F14027
T765,F8431
T766,F13055
T767,F16394
T768,F14609
T769,F12321
T770,F15045
T771,F7912
T772,F14447
T773,F10080
T774,F9638
T775,F4396
T776,F7627
T777,F10049
T778,F16886
T779,F7316
T780,F8409
T781,F7987
T782,F3541
T783,F14571
T784,F2770
T785,F12207
T786,F12958
T787,F13296
T788,F8360
T789,F6166
T790,F5269
T791,F16558
T792,F2953
T793,F12492
T794,F16270
T795,F12732
T796,F9764
T797,F5619
T798,F11726
T799,F10364
T800,F10583
T801,F17383
T802,F8946
T803,F11057
T804,F3518
T805,F5760
T806,F9526
T807,F12258
T808,F7298
T809,F15467
T810,F17413
T811,F9347
T812,F6764
T813,F12754
T814,F4431
T815,F10992
T816,F7108
T817,F11946
T818,F13000
T819,F13466
T820,F16164
T821,F12872
T822,F7648
T823,F10837
T824,F10363
T825,F16008
T826,F13254
T827,F8704
T828,F16049
T829,F12924
T830,F17993
T831,F2880
T832,F8808
T833,F9588
T834,F13623
T835,F3625
T836,F7679
T837,F4598
T838,F15149
T839,F12487
T840,F5123
T841,F4626
T842,F13418
T843,F4665
T844,F6271
T845,F14897
T846,F4221
T847,F6763
T848,F5303
T849,F16184
T850,F11118
T851,F12190
T852,F8112
T853,F12499
T854,F7369
T855,F11843
T856,F17416
T857,F12570
T858,F6057
T859,F12809
T860,F3464
T861,F8039
T862,F12577
T863,F9213
T864,F7419
T865,F17699
T866,F8385
T867,F11939
T868,F3037
T869,F3640
T870,F4304
T871,F12617
T872,F8966
T873,F7439
T874,F11432
T875,F4094
T876,F9011
T877,F6890
T878,F5121
T879,F14694
T880,F10383
T881,F4025
T882,F3074
T883,F10306
T884,F8058
T885,F11617
T886,F13297
T887,F10291
T888,F11637
T889,F10938
T890,F7013
T891,F14167
T892,F6860
T893,F12665
T894,F4214
T895,F7586
T896,F15765
T897,F8481
T898,F3744
T899,F17478
T900,F8184
T901,F7626
T902,F9626
T903,F16270
T904,F8423
T905,F15711
T906,F10195
T907,F8542
T908,F5677
T909,F4400
T910,F2848
T911,F4378
T912,F15104
T913,F10446
T914,F6365
T915,F15765
T916,F4386
T917,F9501
T918,F8567
T919,F4090
T920,F10030
T921,F8201
T922,F5811
T923,F4937
T924,F4797
T925,F13245
T926,F5420
T927,F7212
T928,F2979
T929,F15747
T930,F4554
T931,F9312
T932,F8004
T933,F14797
T934,F4444
T935,F11919
T936,F5159
T937,F15015
T938,F8991
T939,F6099
T940,F9811
T941,F11086
T942,F8208
T943,F15892
T944,F4401
T945,F10386
T946,F13013
T947,F14772
T948,F8873
T949,F9433
T950,F4712
T951,F7698
T952,F14037
T953,F9980
T954,F16834
T955,F5729
T956,F6484
T957,F7797
T958,F14663
T959,F16667
T960,F12970
T961,F3825
T962,F5349
T963,F6178
T964,F16001
T965,F4759
T966,F14622
T967,F17776
T968,F3974
T969,F16927
T970,F13857
T971,F3487
T972,F17830
T973,F12291
T974,F11462
T975,F5980
T976,F13069
T977,F15356
T978,F14788
T979,F5671
T980,F11609
T981,F8547
T982,F7809
T983,F12466
T984,F4338
T985,F15193
T986,F17012
T987,F6946
T988,F13848
T989,F9355
T990,F7047
T991,F11842
T992,F6197
T993,F13093
T994,F15878
T995,F11305
T996,F15451
T997,F8083
T998,F7000
T999,F8728
T1000,F4870
T1001,F6294
T1002,F7120
T1003,F9920
T1004,F15251
T1005,F12548
T1006,F8711
T1007,F16396
T1008,F16443
T1009,F15708
T1010,F13631
T1011,F13781
T1012,F16674
T1013,F3533
T1014,F4596
T1015,F13907
T1016,F6153
T1017,F6570
T1018,F8266
T1019,F3303
T1020,F4238
T1021,F9491
T1022,F8166
T1023,F9367
T1024,F14270
T1025,F17044
T1026,F16102
T1027,F7109
T1028,F8449
T1029,F12411
T1030,F3841
T1031,F14981
T1032,F6986
T1033,F8166
T1034,F4749
T1035,F17568
T1036,F3992
T1037,F8563
T1038,F11971
T1039,F5182
T1040,F14455
T1041,F15961
T1042,F15521
T1043,F16092
T1044,F14115
T1045,F9397
T1046,F13615
T1047,F13566
T1048,F14018
T1049,F9409
T1050,F12386
T1051,F4588
T1052,F8667
T1053,F4636
T1054,F6836
T1055,F6934
T1056,F10318
T1057,F10491
T1058,F7459
T1059,F13019
T1060,F11138
T1061,F3913
T1062,F15063
T1063,F16806
T1064,F6420
T1065,F15978
T1066,F7897
T1067,F9048
T1068,F16075
T1069,F3581
T1070,F10939
T1071,F5965
T1072,F14361
T1073,F12178
T1074,F13815
T1075,F5649
T1076,F7844
T1077,F14935
T1078,F15239
T1079,F16281
T1080,F2992
T1081,F17645
T1082,F3438
T1083,F13346
T1084,F12040
T1085,F11890
T1086,F12296
T1087,F15353
T1088,F5496
T1089,F11264
T1090,F7751
T1091,F7734
T1092,F13839
T1093,F16049
T1094,F7996
T1095,F5331
T1096,F13280
T1097,F15281
T1098,F11277
T1099,F7748
T1100,F6560
T1101,F12908
T1102,F4339
T1103,F13422
T1104,F10355
T1105,F4378
T1106,F7286
T1107,F9921
T1108,F8891
T1109,F3815
T1110,F9332
T1111,F17536
T1112,F10792
T1113,F5385
T1114,F6763
T1115,F6042
T1116,F2864
T1117,F3143
T1118,F11275
T1119,F12065
T1120,F3954
T1121,F4170
T1122,F13299
T1123,F14173
T1124,F9846
T1125,F16951
T1126,F15458
T1127,F6919
T1128,F11531
T1129,F14980
T1130,F3110
T1131,F10258
T1132,F14069
T1133,F7197
T1134,F13823
T1135,F12932
T1136,F7916
T1137,F9849
T1138,F10222
T1139,F14181
T1140,F17970
T1141,F6109
T1142,F8441
T1143,F17021
T1144,F12031
T1145,F5995
T1146,F10918
T1147,F11827
T1148,F17992
T1149,F5979
T1150,F8901
T1151,F12521
T1152,F7391
T1153,F6541
T1154,F9266
T1155,F3045
T1156,F2886
T1157,F13872
T1158,F11487
T1159,F13150
T1160,F4976
T1161,F13046
T1162,F12687
T1163,F5485
T1164,F11121
T1165,F15722
T1166,F16123
T1167,F17529
T1168,F5426
T1169,F6944
T1170,F17422
T1171,F11812
T1172,F12270
T1173,F5388
T1174,F5591
T1175,F12263
T1176,F4236
T1177,F13237
T1178,F14051
T1179,F16715
T1180,F8348
T1181,F10017
T1182,F3156
T1183,F11152
T1184,F5408
T1185,F12748
T1186,F10754
T1187,F13312
T1188,F6173
T1189,F14729
T1190,F17521
T1191,F13492
T1192,F15509
T1193,F6684
T1194,F10613
T1195,F12228
T1196,F17637
T1197,F6407
T1198,F10917
T1199,F3310
T1200,F14551
T1201,F9856
T1202,F10291
T1203,F13054
T1204,F3289
T1205,F6995
T1206,F8069
T1207,F14441
T1208,F3590
T1209,F16644
T1210,F4540
T1211,F14062
T1212,F10562
T1213,F3406
T1214,F16896
T1215,F11934
T1216,F10743
T1217,F10698
T1218,F6550
T1219,F7391
T1220,F14667
T1221,F11876
T1222,F4676
T1223,F15953
T1224,F5880
T1225,F11048
T1226,F15012
T1227,F4427
T1228,F4491
T1229,F15721
T1230,F11135
T1231,F11959
T1232,F13220
T1233,F12373
T1234,F17159
T1235,F5624
T1236,F9726
T1237,F17573
T1238,F11593
T1239,F12183
T1240,F15062
T1241,F10559
T1242,F13333
T1243,F14984
T1244,F6900
T1245,F12310
T1246,F11640
T1247,F4433
T1248,F9914
T1249,F17246
T1250,F10959
T1251,F10799
T1252,F7638
T1253,F2970
T1254,F14688
T1255,F14026
T1256,F13959
T1257,F10681
T1258,F16876
T1259,F6330
T1260,F9025
T1261,F9547
T1262,F4860
T1263,F13406
T1264,F8475
T1265,F17749
T1266,F17389
T1267,F15682
T1268,F9854
T1269,F15096
T1270,F4761
T1271,F15291
T1272,F6655
T1273,F2910
T1274,F10599
T1275,F16402
T1276,F3858
T1277,F6104
T1278,F3626
T1279,F13743
T1280,F17022
T1281,F7043
T1282,F15294
T1283,F5326
T1284,F16403
T1285,F15759
T1286,F13940
T1287,F7808
T1288,F17861
T1289,F4758
T1290,F4676
T1291,F12682
T1292,F16170
T1293,F16737
T1294,F11183
T1295,F3846
T1296,F5586
T1297,F17417
T1298,F8685
T1299,F5534
T1300,F15085
T1301,F5973
T1302,F4838
T1303,F15766
T1304,F3159
T1305,F8513
T1306,F7047
T1307,F11916
T1308,F5266
T1309,F9209
T1310,F6078
T1311,F4297
T1312,F12776
T1313,F10676
T1314,F4540
T1315,F10804
T1316,F3818
T1317,F12883
T1318,F8204
T1319,F3342
T1320,F7451
T1321,F17664
T1322,F16391
T1323,F14297
T1324,F17262
T1325,F3475
T1326,F12808
T1327,F13547
T1328,F10480
T1329,F17122
T1330,F12943
T1331,F13856
T1332,F12146
T1333,F8111
T1334,F10390
T1335,F8846
T1336,F11932
T1337,F7932
T1338,F6002
T1339,F15066
T1340,F12675
T1341,F4931
T1342,F9092
T1343,F6263
T1344,F13641
T1345,F3115
T1346,F17656
T1347,F14946
T1348,F7144
T1349,F16414
T1350,F14317
T1351,F12421
T1352,F4043
T1353,F11073
T1354,F6675
T1355,F9117
T1356,F2797
T1357,F13686
T1358,F8837
T1359,F17925
T1360,F11565
T1361,F5992
T1362,F10021
T1363,F3521
T1364,F8600
T1365,F5886
T1366,F10513
T1367,F13102
T1368,F9329
T1369,F12110
T1370,F7660
T1371,F4068
T1372,F15229
T1373,F10259
T1374,F3082
T1375,F15722
T1376,F11745
T1377,F16820
T1378,F16684
T1379,F3862
T1380,F5163
T1381,F17943
T1382,F9085
T1383,F3631
T1384,F15934
T1385,F6875
T1386,F9620
T1387,F9249
T1388,F16824
T1389,F8184
T1390,F11526
T1391,F6003
T1392,F4156
T1393,F8559
T1394,F17954
T1395,F9739
T1396,F10891
T1397,F3051
T1398,F2701
T1399,F6062
T1400,F9406
T1401,F11886
T1402,F14455
T1403,F14071
T1404,F10796
T1405,F5120
T1406,F5225
T1407,F8623
T1408,F10179
T1409,F10583
T1410,F10302
T1411,F5439
T1412,F15026
T1413,F3107
T1414,F3493
T1415,F9884
T1416,F3023
T1417,F12112
T1418,F14879
T1419,F11671
T1420,F6057
T1421,F16688
T1422,F8881
T1423,F7397
T1424,F3188
T1425,F4413
T1426,F7290
T1427,F11354
T1428,F13742
T1429,F9995
T1430,F14099
T1431,F8702
T1432,F5012
T1433,F13690
T1434,F14412
T1435,F12148
T1436,F4075
T1437,F10695
T1438,F15669
T1439,F13554
T1440,F15325
T1441,F4941
T1442,F10963
T1443,F3893
T1444,F13106
T1445,F3792
T1446,F15880
T1447,F7390
T1448,F10425
T1449,F3362
T1450,F7359
T1451,F13803
T1452,F14242
T1453,F12814
T1454,F13240
T1455,F7340
T1456,F4150
T1457,F16824
T1458,F12858
T1459,F9441
T1460,F13833
T1461,F8179
T1462,F14639
T1463,F17533
T1464,F3591
T1465,F3080
T1466,F11237
T1467,F9101
T1468,F17079
T1469,F6194
T1470,F11850
T1471,F16118
T1472,F16890
T1473,F9673
T1474,F6155
T1475,F14826
T1476,F16738
T1477,F6960
T1478,F8655
T1479,F11387
T1480,F8053
T1481,F4094
T1482,F12281
T1483,F14040
T1484,F15080
T1485,F3287
T1486,F12266
T1487,F3372
T1488,F11367
T1489,F13627
T1490,F7667
T1491,F5732
T1492,F8461
T1493,F16486
T1494,F12224
T1495,F8291
T1496,F12579
T1497,F4837
T1498,F4954
T1499,F9652
T1500,F5827
T1501,F3940
T1502,F3056
T1503,F10179
T1504,F5596
T1505,F12359
T1506,F14352
T1507,F15060
T1508,F8236
T1509,F14682
T1510,F17656
T1511,F3722
T1512,F11044
T1513,F8535
T1514,F8357
T1515,F15040
T1516,F15376
T1517,F4778
T1518,F9414
T1519,F10236
T1520,F9185
T1521,F17932
T1522,F15860
T1523,F10789
T1524,F11629
T1525,F11239
T1526,F4115
T1527,F10695
T1528,F9882
T1529,F17509
T1530,F14647
T1531,F11006
T1532,F8534
T1533,F3687
T1534,F17058
T1535,F9315
T1536,F6743
T1537,F16697
T1538,F14337
T1539,F2720
T1540,F10836
T1541,F16065
T1542,F8272
T1543,F5664
T1544,F16800
T1545,F8018
T1546,F15802
T1547,F9955
T1548,F13284
T1549,F15329
T1550,F3865
T1551,F10152
T1552,F11979
T1553,F13883
T1554,F8624
T1555,F5135
T1556,F2758
T1557,F6566
T1558,F3050
T1559,F2803
T1560,F4495
T1561,F11683
T1562,F4144
T1563,F15048
T1564,F10376
T1565,F15225
T1566,F13618
T1567,F5596
T1568,F14492
T1569,F4823
T1570,F3590
T1571,F10644
T1572,F10051
T1573,F17262
T1574,F9345
T1575,F3770
T1576,F15122
T1577,F7233
T1578,F14598
T1579,F13681
T1580,F8366
T1581,F10239
T1582,F13977
T1583,F4757
T1584,F11222
T1585,F5342
T1586,F3130
T1587,F10006
T1588,F2820
T1589,F6874
T1590,F17230
T1591,F11348
T1592,F5000
T1593,F16614
T1594,F14724
T1595,F5162
T1596,F17925
T1597,F6404
T1598,F8810
T1599,F15706
T1600,F4288
T1601,F11597
T1602,F9507
T1603,F8848
T1604,F16456
T1605,F15828
T1606,F6757
T1607,F10859
T1608,F12227
T1609,F6124
T1610,F13305
T1611,F9561
T1612,F5727
T1613,F6953
T1614,F11066
T1615,F15703
T1616,F8536
T1617,F17844
T1618,F8782
T1619,F8489
T1620,F17908
T1621,F10204
T1622,F4360
T1623,F6971
T1624,F16160
T1625,F8028
T1626,F8183
T1627,F6200
T1628,F16174
T1629,F3295
T1630,F10031
T1631,F5448
T1632,F13896
T1633,F17794
T1634,F7816
T1635,F16516
T1636,F13714
T1637,F15929
T1638,F6365
T1639,F13172
T1640,F11207
T1641,F14198
T1642,F9610
T1643,F11288
T1644,F4848
T1645,F3737
T1646,F6812
T1647,F11687
T1648,F10860
T1649,F14413
T1650,F4566
T1651,F13730
T1652,F8446
T1653,F12251
T1654,F11452
T1655,F16569
T1656,F7429
T1657,F7803
T1658,F9972
T1659,F8563
T1660,F16375
T1661,F8091
T1662,F13345
T1663,F3510
T1664,F13898
T1665,F11818
T1666,F16926
T1667,F17264
T1668,F13636
T1669,F17463
T1670,F4341
T1671,F3868
T1672,F9824
T1673,F17911
T1674,F12510
T1675,F7978
T1676,F16302
T1677,F13400
T1678,F7285
T1679,F3989
T1680,F15234
T1681,F5134
T1682,F8919
T1683,F12567
T1684,F3393
T1685,F6399
T1686,F7129
T1687,F4516
T1688,F10469
T1689,F10388
T1690,F5349
T1691,F10953
T1692,F9755
T1693,F7073
T1694,F11128
T1695,F8474
T1696,F15907
T1697,F17740
T1698,F12585
T1699,F4946
T1700,F15788
T1701,F3375
T1702,F17972
T1703,F4762
T1704,F17862
T1705,F17100
T1706,F16872
T1707,F13751
T1708,F10356
T1709,F9799
T1710,F3049
T1711,F14009
T1712,F16409
T1713,F8890
T1714,F6322
T1715,F9101
T1716,F6121
T1717,F16807
T1718,F15076
T1719,F6483
T1720,F11694
T1721,F13229
T1722,F10865
T1723,F5557
T1724,F15349
T1725,F16001
T1726,F13018
T1727,F12482
T1728,F5628
T1729,F12843
T1730,F6539
T1731,F14892
T1732,F10470
T1733,F17263
T1734,F14265
T1735,F3982
T1736,F12595
T1737,F5916
T1738,F12910
T1739,F15367
T1740,F6608
T1741,F6273
T1742,F16308
T1743,F14980
T1744,F5955
T1745,F3723
T1746,F9483
T1747,F17203
T1748,F17547
T1749,F4522
T1750,F9220
T1751,F3740
T1752,F17634
T1753,F13255
T1754,F17555
T1755,F13979
T1756,F10577
T1757,F14616
T1758,F16616
T1759,F15822
T1760,F12938
T1761,F2796
T1762,F5181
T1763,F7477
T1764,F15120
T1765,F10825
T1766,F3409
T1767,F4839
T1768,F9895
T1769,F16890
T1770,F7486
T1771,F9984
T1772,F13669
T1773,F8404
T1774,F12643
T1775,F17723
T1776,F7313
T1777,F10376
T1778,F9499
T1779,F17876
T1780,F11924
T1781,F7637
T1782,F10767
T1783,F4143
T1784,F13980
T1785,F14535
T1786,F14618
T1787,F13111
T1788,F9039
T1789,F10543
T1790,F17381
T1791,F17240
T1792,F3128
T1793,F12675
T1794,F9563
T1795,F13238
T1796,F14957
T1797,F4760
T1798,F10553
T1799,F16278
T1800,F9929
T1801,F6375
T1802,F11255
T1803,F6516
T1804,F7969
T1805,F17812
T1806,F6235
T1807,F3160
T1808,F7904
T1809,F16793
T1810,F5549
T1811,F14850
T1812,F3573
T1813,F11015
T1814,F8934
T1815,F6382
T1816,F15948
T1817,F4539
T1818,F14646
T1819,F12959
T1820,F5908
T1821,F16079
T1822,F17452
T1823,F11670
T1824,F4638
T1825,F6569
T1826,F4755
T1827,F12731
T1828,F13426
T1829,F9961
T1830,F3801
T1831,F12774
T1832,F8942
T1833,F15409
T1834,F5261
T1835,F11406
T1836,F5812
T1837,F12146
T1838,F8755
T1839,F16764
T1840,F8029
T1841,F5794
T1842,F6878
T1843,F3430
T1844,F7047
T1845,F10128
T1846,F10068
T1847,F4338
T1848,F15404
T1849,F17909
T1850,F6024
T1851,F8588
T1852,F16850
T1853,F10798
T1854,F8854
T1855,F13527
T1856,F17406
T1857,F4907
T1858,F10793
T1859,F11433
T1860,F13170
T1861,F5081
T1862,F10744
T1863,F14222
T1864,F4028
T1865,F5322
T1866,F13119
T1867,F16981
T1868,F17306
T1869,F10373
T1870,F15588
T1871,F16766
T1872,F8740
T1873,F14837
T1874,F16018
T1875,F5792
T1876,F6290
T1877,F11797
T1878,F17514
T1879,F7495
T1880,F13726
T1881,F13032
T1882,F12683
T1883,F3029
T1884,F4441
T1885,F12648
T1886,F4603
T1887,F8341
T1888,F5456
T1889,F17548
T1890,F7707
T1891,F3672
T1892,F17880
T1893,F17322
T1894,F5121
T1895,F11354
T1896,F10190
T1897,F17194
T1898,F10737
T1899,F4699
T1900,F8412
T1901,F11449
T1902,F16082
T1903,F13050
T1904,F5967
T1905,F7814
T1906,F10513
T1907,F8921
T1908,F12810
T1909,F11870
T1910,F6560
T1911,F11018
T1912,F8504
T1913,F14927
T1914,F6560
T1915,F10696
T1916,F12305
T1917,F11451
T1918,F16245
T1919,F3325
T1920,F7369
T1921,F8452
T1922,F15747
T1923,F5465
T1924,F15068
T1925,F11701
T1926,F4577
T1927,F13581
T1928,F3625
T1929,F5059
T1930,F8608
T1931,F13166
T1932,F2701
T1933,F10115
T1934,F8417
T1935,F16965
T1936,F16326
T1937,F16574
T1938,F10817
T1939,F4307
T1940,F3568
T1941,F3650
T1942,F6915
T1943,F17200
T1944,F3514
T1945,F13972
T1946,F10516
T1947,F5978
T1948,F8036
T1949,F2963
T1950,F12401
T1951,F6170
T1952,F9108
T1953,F8661
T1954,F5384
T1955,F7468
T1956,F9528
T1957,F16548
T1958,F17933
T1959,F6116
T1960,F9456
T1961,F15676
T1962,F14765
T1963,F8413
T1964,F10550
T1965,F8297
T1966,F14682
T1967,F12500
T1968,F9830
T1969,F5163
T1970,F9407
T1971,F6317
T1972,F10330
T1973,F12232
T1974,F10893
T1975,F8679
T1976,F4476
T1977,F13230
T1978,F14821
T1979,F8487
T1980,F11274
T1981,F12861
T1982,F13782
T1983,F13608
T1984,F15408
T1985,F16709
T1986,F12095
T1987,F11542
T1988,F14698
T1989,F6479
T1990,F10484
T1991,F3002
T1992,F6907
T1993,F11856
T1994,F5907
T1995,F3786
T1996,F15706
T1997,F13221
T1998,F10619
T1999,F5553
T2000,F9486
T2001,F11748
T2002,F17286
T2003,F7519
T2004,F9470
T2005,F14151
T2006,F9220
T2007,F10857
T2008,F17559
T2009,F5929
T2010,F3114
T2011,F17283
T2012,F10036
T2013,F6135
T2014,F6990
T2015,F13875
T2016,F17911
T2017,F5228
T2018,F4885
T2019,F15913
T2020,F9464
T2021,F10908
T2022,F10730
T2023,F3170
T2024,F12023
T2025,F13653
T2026,F5631
T2027,F13322
T2028,F9746
T2029,F11082
T2030,F8330
T2031,F3185
T2032,F13425
T2033,F4479
T2034,F8615
T2035,F4435
T2036,F12025
T2037,F5309
T2038,F9985
T2039,F6309
T2040,F3127
T2041,F17899
T2042,F14649
T2043,F7398
T2044,F9341
T2045,F6572
T2046,F8699
T2047,F12492
T2048,F11975
T2049,F3870
T2050,F7669
T2051,F6362
T2052,F12766
T2053,F14336
T2054,F17904
T2055,F12510
T2056,F13258
T2057,F15606
T2058,F5830
T2059,F14077
T2060,F5657
T2061,F14888
T2062,F10787
T2063,F2752
T2064,F17523
T2065,F13639
T2066,F17571
T2067,F15563
T2068,F7025
T2069,F5011
T2070,F17341
T2071,F6356
T2072,F11283
T2073,F6452
T2074,F3742
T2075,F7331
T2076,F17407
T2077,F4085
T2078,F17160
T2079,F16864
T2080,F7284
T2081,F14648
T2082,F15976
T2083,F3494
T2084,F14366
T2085,F3340
T2086,F7138
T2087,F10055
T2088,F7140
T2089,F11956
T2090,F6422
T2091,F14470
T2092,F16771
T2093,F17909
T2094,F4854
T2095,F5068
T2096,F6089
T2097,F7974
T2098,F13321
T2099,F7594
T2100,F4985
T2101,F4964
T2102,F14685
T2103,F8985
T2104,F17513
T2105,F10447
T2106,F16055
T2107,F14477
T2108,F11381
T2109,F12631
T2110,F17164
T2111,F3283
T2112,F16735
T2113,F8964
T2114,F15060
T2115,F7093
T2116,F16287
T2117,F13052
T2118,F5461
T2119,F13683
T2120,F6853
T2121,F13986
T2122,F3405
T2123,F17210
T2124,F9040
T2125,F11138
T2126,F12883
T2127,F3335
T2128,F12199
T2129,F13115
T2130,F3494
T2131,F4874
T2132,F11324
T2133,F10317
T2134,F17378
T2135,F12201
T2136,F9046
T2137,F5011
T2138,F11559
T2139,F15451
T2140,F14105
T2141,F15601
T2142,F6310
T2143,F8557
T2144,F9621
T2145,F5605
T2146,F13705
T2147,F14896
T2148,F7149
T2149,F15030
T2150,F13796
T2151,F14138
T2152,F13819
T2153,F16331
T2154,F6743
T2155,F16560
T2156,F4261
T2157,F10021
T2158,F3634
T2159,F13100
T2160,F7588
T2161,F7670
T2162,F5292
T2163,F11805
T2164,F13185
T2165,F7785
T2166,F7187
T2167,F3234
T2168,F12531
T2169,F6612
T2170,F11365
T2171,F10191
T2172,F9243
T2173,F15211
T2174,F7324
T2175,F8510
T2176,F13968
T2177,F7685
T2178,F10394
T2179,F14258
T2180,F16163
T2181,F4820
T2182,F11517
T2183,F14002
T2184,F15342
T2185,F15964
T2186,F7038
T2187,F16368
T2188,F14473
T2189,F6189
T2190,F5271
T2191,F12603
T2192,F6746
T2193,F2787
T2194,F13926
T2195,F9190
T2196,F17838
T2197,F13616
T2198,F12251
T2199,F7230
T2200,F11257
T2201,F15231
T2202,F5737
T2203,F4065
T2204,F7610
T2205,F5110
T2206,F5099
T2207,F9620
T2208,F3597
T2209,F6734
T2210,F3143
T2211,F17441
T2212,F15403
T2213,F6268
T2214,F10272
T2215,F8923
T2216,F7699
T2217,F5466
T2218,F5586
T2219,F4889
T2220,F16372
T2221,F10044
T2222,F12249
T2223,F9369
T2224,F4178
T2225,F17657
T2226,F10436
T2227,F15662
T2228,F3875
T2229,F16639
T2230,F3916
T2231,F12787
T2232,F14144
T2233,F3119
T2234,F8513
T2235,F14647
T2236,F15003
T2237,F10621
T2238,F9586
T2239,F5863
T2240,F9254
T2241,F3882
T2242,F11548
T2243,F8070
T2244,F8687
T2245,F12340
T2246,F8588
T2247,F7453
T2248,F16622
T2249,F7247
T2250,F14932
T2251,F9239
T2252,F11812
T2253,F13207
T2254,F13180
T2255,F6733
T2256,F16242
T2257,F4458
T2258,F13584
T2259,F16102
T2260,F11296
T2261,F12768
T2262,F12357
T2263,F10600
T2264,F8990
T2265,F7876
T2266,F6346
T2267,F16600
T2268,F7332
T2269,F3559
T2270,F5021
T2271,F16008
T2272,F9814
T2273,F15273
T2274,F11912
T2275,F17773
T2276,F7735
T2277,F9888
T2278,F10416
T2279,F14971
T2280,F7490
T2281,F10859
T2282,F2905
T2283,F17407
T2284,F4431
T2285,F7849
T2286,F7064
T2287,F9642
T2288,F13641
T2289,F16221
T2290,F17295
T2291,F8308
T2292,F11373
T2293,F17933
T2294,F4749
T2295,F16998
T2296,F14352
T2297,F15335
T2298,F14076
T2299,F7541
T2300,F16481
T2301,F8539
T2302,F12218
T2303,F17525
T2304,F7878
T2305,F15818
T2306,F3657
T2307,F3270
T2308,F12774
T2309,F5363
T2310,F5568
T2311,F10763
T2312,F9467
T2313,F3868
T2314,F3432
T2315,F12778
T2316,F4675
T2317,F13159
T2318,F10378
T2319,F5283
T2320,F7495
T2321,F15524
T2322,F10686
T2323,F3390
T2324,F13184
T2325,F8133
T2326,F6965
T2327,F14085
T2328,F5687
T2329,F16883
T2330,F15303
T2331,F14513
T2332,F4589
T2333,F13161
T2334,F11016
T2335,F17770
T2336,F14453
T2337,F16593
T2338,F3149
T2339,F9544
T2340,F12704
T2341,F9806
T2342,F3367
T2343,F8319
T2344,F9357
T2345,F16326
T2346,F9379
T2347,F16788
T2348,F16849
T2349,F4983
T2350,F16753
T2351,F3101
T2352,F10644
T2353,F14087
T2354,F15106
T2355,F2953
T2356,F17862
T2357,F7371
T2358,F10352
T2359,F16590
T2360,F4134
T2361,F12263
T2362,F2862
T2363,F16633
T2364,F4905
T2365,F8265
T2366,F13819
T2367,F8139
T2368,F4575
T2369,F12574
T2370,F8297
T2371,F12542
T2372,F4815
T2373,F11897
T2374,F15345
T2375,F6423
T2376,F15233
T2377,F9435
T2378,F4460
T2379,F17836
T2380,F16565
T2381,F15890
T2382,F5670
T2383,F14014
T2384,F16740
T2385,F9779
T2386,F12098
T2387,F4899
T2388,F10739
T2389,F3779
T2390,F15866
T2391,F4646
T2392,F15890
T2393,F4573
T2394,F8884
T2395,F3962
T2396,F11750
T2397,F2734
T2398,F11191
T2399,F5150
T2400,F17260
T2401,F14935
T2402,F12017
T2403,F7876
T2404,F5761
T2405,F12552
T2406,F6989
T2407,F12781
T2408,F5049
T2409,F10566
T2410,F14206
T2411,F10714
T2412,F17629
T2413,F5175
T2414,F3320
T2415,F4297
T2416,F2917
T2417,F7678
T2418,F16417
T2419,F4180
T2420,F6464
T2421,F16168
T2422,F12335
T2423,F11211
T2424,F17933
T2425,F7658
T2426,F11014
T2427,F17388
T2428,F2930
T2429,F9694
T2430,F17055
T2431,F5144
T2432,F12820
T2433,F17697
T2434,F16816
T2435,F15948
T2436,F12242
T2437,F5492
T2438,F6886
T2439,F8811
T2440,F11310
T2441,F4272
T2442,F7180
T2443,F16382
T2444,F14136
T2445,F14913
T2446,F16133
T2447,F16858
T2448,F11079
T2449,F8738
T2450,F10426
T2451,F5176
T2452,F11223
T2453,F15286
T2454,F11871
T2455,F8351
T2456,F7409
T2457,F3472
T2458,F4600
T2459,F8932
T2460,F10544
T2461,F5386
T2462,F16763
T2463,F3720
T2464,F7556
T2465,F12203
T2466,F10552
T2467,F11440
T2468,F8097
T2469,F17703
T2470,F5825
T2471,F14870
T2472,F6709
T2473,F11989
T2474,F4720
T2475,F15676
T2476,F10839
T2477,F7746
T2478,F10854
T2479,F11101
T2480,F14567
T2481,F8588
T2482,F6973
T2483,F7063
T2484,F7611
T2485,F17940
T2486,F9139
T2487,F11141
T2488,F6504
T2489,F11765
T2490,F4306
T2491,F14641
T2492,F3286
T2493,F9713
T2494,F13605
T2495,F13628
T2496,F14720
T2497,F11630
T2498,F17187
T2499,F3670
T2500,F3225
T2501,F11089
T2502,F13252
T2503,F3286
T2504,F15563
T2505,F3747
T2506,F11324
T2507,F16745
T2508,F9378
T2509,F6354
T2510,F15604
T2511,F13032
T2512,F5556
T2513,F3915
T2514,F10128
T2515,F2989
T2516,F4134
T2517,F13640
T2518,F8153
T2519,F17487
T2520,F10215
T2521,F14596
T2522,F15661
T2523,F7186
T2524,F12702
T2525,F16454
T2526,F6768
T2527,F6349
T2528,F10176
T2529,F13638
T2530,F7360
T2531,F14904
T2532,F17590
T2533,F12415
T2534,F2763
T2535,F4929
T2536,F4372
T2537,F8400
T2538,F3427
T2539,F15269
T2540,F10479
T2541,F4028
T2542,F6622
T2543,F7004
T2544,F5196
T2545,F3623
T2546,F2723
T2547,F12636
T2548,F4308
T2549,F4282
T2550,F11049
T2551,F6796
T2552,F13682
T2553,F17544
T2554,F8738
T2555,F7479
T2556,F4041
T2557,F12733
T2558,F3115
T2559,F3119
T2560,F14467
T2561,F4309
T2562,F4939
T2563,F7624
T2564,F5770
T2565,F17841
T2566,F13729
T2567,F14618
T2568,F14418
T2569,F6106
T2570,F14215
T2571,F4331
T2572,F10910
T2573,F10848
T2574,F7958
T2575,F8002
T2576,F4426
T2577,F17930
T2578,F6630
T2579,F11556
T2580,F16644
T2581,F7619
T2582,F15942
T2583,F16899
T2584,F8138
T2585,F4353
T2586,F11370
T2587,F11229
T2588,F8388
T2589,F17396
T2590,F6614
T2591,F9432
T2592,F6557
T2593,F4301
T2594,F10200
T2595,F13095
T2596,F17638
T2597,F3036
T2598,F9709
T2599,F3281
T2600,F3172
T2601,F15026
T2602,F15459
T2603,F9165
T2604,F13098
T2605,F16903
T2606,F9503
T2607,F10776
T2608,F6975
T2609,F7545
T2610,F15896
T2611,F12539
T2612,F5248
T2613,F11798
T2614,F13873
T2615,F11591
T2616,F3127
T2617,F14836
T2618,F15549
T2619,F11743
T2620,F16826
T2621,F7588
T2622,F4148
T2623,F6388
T2624,F15618
T2625,F3430
T2626,F3592
T2627,F12463
T2628,F12885
T2629,F6717
T2630,F6217
T2631,F11174
T2632,F16121
T2633,F13614
T2634,F12056
T2635,F6050
T2636,F5360
T2637,F17656
T2638,F16547
T2639,F6453
T2640,F8498
T2641,F4259
T2642,F5308
T2643,F7708
T2644,F10522
T2645,F13012
T2646,F2960
T2647,F16904
T2648,F17888
T2649,F16540
T2650,F5158
T2651,F9960
T2652,F8643
T2653,F8567
T2654,F17352
T2655,F6916
T2656,F11765
T2657,F17842
T2658,F6808
T2659,F3883
T2660,F8852
T2661,F9218
T2662,F15133
T2663,F7587
T2664,F4818
T2665,F10630
T2666,F15305
T2667,F12890
T2668,F14850
T2669,F11826
T2670,F4513
T2671,F7526
T2672,F17457
T2673,F13969
T2674,F7755
T2675,F8441
T2676,F6619
T2677,F12586
T2678,F14240
T2679,F17616
T2680,F12776
T2681,F7249
T2682,F9087
T2683,F6974
T2684,F16648
T2685,F4315
T2686,F3852
T2687,F5410
T2688,F11402
T2689,F17170
T2690,F15771
T2691,F13467
T2692,F4356
T2693,F13457
T2694,F14497
T2695,F15736
T2696,F3015
T2697,F9288
T2698,F7257
T2699,F5780
T2700,F4320
T2701,F5657
T2702,F9879
T2703,F16315
T2704,F4706
T2705,F3800
T2706,F16479
T2707,F16369
T2708,F3905
T2709,F15500
T2710,F13723
T2711,F9885
T2712,F6805
T2713,F6250
T2714,F16925
T2715,F10625
T2716,F12650
T2717,F4318
T2718,F15685
T2719,F4313
T2720,F11203
T2721,F14753
T2722,F13564
T2723,F17047
T2724,F16798
T2725,F4349
T2726,F3061
T2727,F10034
T2728,F9618
T2729,F9803
T2730,F17435
T2731,F4637
T2732,F5998
T2733,F10369
T2734,F17995
T2735,F2996
T2736,F8269
T2737,F11600
T2738,F15535
T2739,F5971
T2740,F11866
T2741,F6835
T2742,F13494
T2743,F8936
T2744,F4237
T2745,F13945
T2746,F13416
T2747,F10267
T2748,F16022
T2749,F4442
T2750,F12950
T2751,F7138
T2752,F6323
T2753,F5798
T2754,F11502
T2755,F14668
T2756,F7204
T2757,F9190
T2758,F17516
T2759,F9944
T2760,F14566
T2761,F14426
T2762,F4925
T2763,F9202
T2764,F8660
T2765,F8002
T2766,F6884
T2767,F13988
T2768,F15282
T2769,F16142
T2770,F11159
T2771,F17824
T2772,F12185
T2773,F7591
T2774,F12859
T2775,F3851
T2776,F10105
T2777,F5094
T2778,F14050
T2779,F12174
T2780,F15267
T2781,F3832
T2782,F17337
T2783,F7347
T2784,F17830
T2785,F4250
T2786,F9318
T2787,F12344
T2788,F16183
T2789,F3092
T2790,F16692
T2791,F6585
T2792,F17685
T2793,F17138
T2794,F14934
T2795,F15640
T2796,F13932
T2797,F8741
T2798,F9520
T2799,F5497
T2800,F9230
T2801,F2836
T2802,F10265
T2803,F7495
T2804,F16052
T2805,F3575
T2806,F17647
T2807,F3117
T2808,F9793
T2809,F5271
T2810,F4421
T2811,F3564
T2812,F4358
T2813,F12701
T2814,F5667
T2815,F11891
T2816,F14679
T2817,F3472
T2818,F7811
T2819,F3269
T2820,F12286
T2821,F2769
T2822,F14201
T2823,F15945
T2824,F17853
T2825,F17567
T2826,F3818
T2827,F9812
T2828,F7078
T2829,F9956
T2830,F10491
T2831,F12933
T2832,F9849
T2833,F16675
T2834,F5068
T2835,F7261
T2836,F13449
T2837,F8932
T2838,F10803
T2839,F11180
T2840,F5533
T2841,F5042
T2842,F9517
T2843,F4800
T2844,F15780
T2845,F14567
T2846,F3163
T2847,F12061
T2848,F4620
T2849,F15589
T2850,F9388
T2851,F16033
T2852,F17779
T2853,F6097
T2854,F8544
T2855,F10246
T2856,F8904
T2857,F9928
T2858,F6300
T2859,F4390
T2860,F5420
T2861,F4512
T2862,F14197
T2863,F14520
T2864,F4882
T2865,F9238
T2866,F2967
T2867,F5839
T2868,F16407
T2869,F16508
T2870,F15210
T2871,F3639
T2872,F4102
T2873,F12848
T2874,F3295
T2875,F6249
T2876,F11595
T2877,F8564
T2878,F3665
T2879,F17492
T2880,F17621
T2881,F14582
T2882,F16102
T2883,F13802
T2884,F15660
T2885,F15677
T2886,F8219
T2887,F12654
T2888,F8238
T2889,F15973
T2890,F11643
T2891,F13282
T2892,F4827
T2893,F11503
T2894,F17059
T2895,F10396
T2896,F7804
T2897,F16783
T2898,F5612
T2899,F6542
T2900,F8842
T2901,F3381
T2902,F12973
T2903,F5957
T2904,F4620
T2905,F7784
T2906,F13617
T2907,F4799
T2908,F8182
T2909,F16791
T2910,F2736
T2911,F9566
T2912,F2853
T2913,F12464
T2914,F12843
T2915,F3156
T2916,F17796
T2917,F6559
T2918,F9722
T2919,F10915
T2920,F10045
T2921,F11470
T2922,F6974
T2923,F14923
T2924,F17311
T2925,F12690
T2926,F2774
T2927,F3713
T2928,F6798
T2929,F9680
T2930,F17654
T2931,F14002
T2932,F10218
T2933,F3078
T2934,F4001
T2935,F5925
T2936,F17372
T2937,F11084
T2938,F4672
T2939,F14875
T2940,F3580
T2941,F10312
T2942,F10315
T2943,F7297
T2944,F11260
T2945,F15708
T2946,F14923
T2947,F17287
T2948,F11650
T2949,F15797
T2950,F16075
T2951,F16989
T2952,F12861
T2953,F4949
T2954,F8514
T2955,F14441
T2956,F5847
T2957,F13115
T2958,F5697
T2959,F17873
T2960,F17599
T2961,F10246
T2962,F12600
T2963,F4693
T2964,F7782
T2965,F4280
T2966,F7342
T2967,F15371
T2968,F6890
T2969,F11819
T2970,F13904
T2971,F5045
T2972,F4887
T2973,F13171
T2974,F4199
T2975,F5340
T2976,F16251
T2977,F17658
T2978,F9642
T2979,F4733
T2980,F3391
T2981,F15211
T2982,F13972
T2983,F8873
T2984,F16742
T2985,F15324
T2986,F8123
T2987,F15702
T2988,F7024
T2989,F3212
T2990,F11979
T2991,F12454
T2992,F13621
T2993,F17951
T2994,F12534
T2995,F10606
T2996,F8679
T2997,F4929
T2998,F7523
T2999,F15554
T3000,F13986
T3001,F8697
T3002,F16525
T3003,F3538
T3004,F3916
T3005,F14738
T3006,F16289
T3007,F4872
T3008,F3856
T3009,F13108
T3010,F14808
T3011,F16078
T3012,F2967
T3013,F6686
T3014,F9023
T3015,F6924
T3016,F6409
T3017,F12969
T3018,F5753
T3019,F10009
T3020,F17226
T3021,F17078
T3022,F15193
T3023,F15741
T3024,F16469
T3025,F10511
T3026,F12338
T3027,F14046
T3028,F3032
T3029,F6925
T3030,F14040
T3031,F5544
T3032,F9548
T3033,F8022
T3034,F5688
T3035,F15661
T3036,F11877
T3037,F8629
T3038,F13383
T3039,F5822
T3040,F15289
T3041,F13112
T3042,F15869
T3043,F15080
T3044,F15678
T3045,F16047
T3046,F17992
T3047,F16755
T3048,F13468
T3049,F3568
T3050,F14357
T3051,F4264
T3052,F5616
T3053,F14580
T3054,F12862
T3055,F6011
T3056,F10146
T3057,F9798
T3058,F17482
T3059,F7456
T3060,F6765
T3061,F17093
T3062,F8760
T3063,F11494
T3064,F9417
T3065,F17561
T3066,F9893
T3067,F17087
T3068,F10755
T3069,F5656
T3070,F16963
T3071,F2781
T3072,F8088
T3073,F6996
T3074,F14488
T3075,F15899
T3076,F6531
T3077,F16078
T3078,F7772
T3079,F13962
T3080,F13761
T3081,F2914
T3082,F11017
T3083,F16381
T3084,F15562
T3085,F13316
T3086,F3601
T3087,F3420
T3088,F11033
T3089,F6882
T3090,F16512
T3091,F10399
T3092,F11921
T3093,F2824
T3094,F9286
T3095,F3860
T3096,F7615
T3097,F16897
T3098,F2812
T3099,F13221
T3100,F4449
T3101,F17389
T3102,F11007
T3103,F15627
T3104,F15076
T3105,F8516
T3106,F14514
T3107,F9518
T3108,F6580
T3109,F4148
T3110,F15693
T3111,F7926
T3112,F13502
T3113,F6114
T3114,F4572
T3115,F12114
T3116,F3027
T3117,F4901
T3118,F15358
T3119,F11488
T3120,F11298
T3121,F16712
T3122,F13613
T3123,F13954
T3124,F5060
T3125,F17592
T3126,F14418
T3127,F8815
T3128,F3193
T3129,F13091
T3130,F10817
T3131,F3166
T3132,F5253
T3133,F16665
T3134,F11259
T3135,F7043
T3136,F16940
T3137,F5487
T3138,F7461
T3139,F13420
T3140,F8136
T3141,F6619
T3142,F3963
T3143,F3217
T3144,F4255
T3145,F14023
T3146,F14956
T3147,F7814
T3148,F16732
T3149,F9331
T3150,F14574
T3151,F16517
T3152,F3600
T3153,F6316
T3154,F2960
T3155,F15771
T3156,F14964
T3157,F15865
T3158,F13746
T3159,F8040
T3160,F15031
T3161,F13622
T3162,F17121
T3163,F5163
T3164,F8098
T3165,F15070
T3166,F5182
T3167,F17948
T3168,F17280
T3169,F3434
T3170,F7140
T3171,F8436
T3172,F17388
T3173,F9927
T3174,F16665
T3175,F4219
T3176,F10405
T3177,F9750
T3178,F15344
T3179,F17060
T3180,F3981
T3181,F13610
T3182,F14184
T3183,F17139
T3184,F2997
T3185,F13845
T3186,F8794
T3187,F14946
T3188,F11819
T3189,F10886
T3190,F7299
T3191,F16451
T3192,F9823
T3193,F8394
T3194,F12103
T3195,F15374
T3196,F8542
T3197,F11767
T3198,F10557
T3199,F15025
T3200,F3925
T3201,F7367
T3202,F13513
T3203,F13786
T3204,F7804
T3205,F16044
T3206,F4022
T3207,F10149
T3208,F13888
T3209,F13347
T3210,F12356
T3211,F10254
T3212,F8721
T3213,F11712
T3214,F4770
T3215,F5862
T3216,F7597
T3217,F6577
T3218,F11097
T3219,F5252
T3220,F7457
T3221,F11047
T3222,F4193
T3223,F5123
T3224,F15384
T3225,F6158
T3226,F2876
T3227,F15923
T3228,F4729
T3229,F6085
T3230,F12865
T3231,F5655
T3232,F14845
T3233,F5582
T3234,F3954
T3235,F12297
T3236,F11699
T3237,F11012
T3238,F17201
T3239,F12548
T3240,F11158
T3241,F15999
T3242,F5349
T3243,F5210
T3244,F11639
T3245,F6570
T3246,F17819
T3247,F10981
T3248,F10662
T3249,F11817
T3250,F7278
T3251,F7179
T3252,F8342
T3253,F13945
T3254,F3362
T3255,F15742
T3256,F13193
T3257,F11751
T3258,F7634
T3259,F11712
T3260,F13307
T3261,F8550
T3262,F15483
T3263,F11527
T3264,F8014
T3265,F11984
T3266,F17561
T3267,F8345
T3268,F3874
T3269,F12417
T3270,F7473
T3271,F9073
T3272,F12289
T3273,F14064
T3274,F3505
T3275,F4271
T3276,F5432
T3277,F17352
T3278,F8184
T3279,F17253
T3280,F9825
T3281,F11450
T3282,F14494
T3283,F4491
T3284,F14954
T3285,F11273
T3286,F6199
T3287,F2894
T3288,F12218
T3289,F6316
T3290,F16799
T3291,F10374
T3292,F15963
T3293,F7573
T3294,F14281
T3295,F8225
T3296,F14086
T3297,F16060
T3298,F6424
T3299,F10399
T3300,F12897
T3301,F10908
T3302,F9109
T3303,F4704
T3304,F16956
T3305,F17492
T3306,F3453
T3307,F16596
T3308,F11126
T3309,F16446
T3310,F14983
T3311,F11194
T3312,F10398
T3313,F14875
T3314,F15487
T3315,F15979
T3316,F11706
T3317,F13983
T3318,F13296
T3319,F17193
T3320,F14989
T3321,F7133
T3322,F4997
T3323,F6139
T3324,F14722
T3325,F15772
T3326,F7899
T3327,F16426
T3328,F4519
T3329,F10044
T3330,F17828
T3331,F3123
T3332,F5815
T3333,F13901
T3334,F8132
T3335,F15769
T3336,F9891
T3337,F10101
T3338,F6803
T3339,F17504
T3340,F7123
T3341,F8727
T3342,F10198
T3343,F14491
T3344,F5156
T3345,F15523
T3346,F11187
T3347,F14332
T3348,F13822
T3349,F13958
T3350,F12226
T3351,F5889
T3352,F16921
T3353,F16022
T3354,F13495
T3355,F3852
T3356,F17529
T3357,F7295
T3358,F14877
T3359,F8177
T3360,F14281
T3361,F10593
T3362,F9436
T3363,F13257
T3364,F7699
T3365,F16863
T3366,F6993
T3367,F3166
T3368,F14752
T3369,F15774
T3370,F16881
T3371,F16864
T3372,F13778
T3373,F6729
T3374,F12653
T3375,F16897
T3376,F12643
T3377,F11365
T3378,F10325
T3379,F5174
T3380,F4946
T3381,F15754
T3382,F8106
T3383,F5712
T3384,F13381
T3385,F5464
T3386,F15507
T3387,F17056
T3388,F9062
T3389,F12077
T3390,F8051
T3391,F12977
T3392,F3321
T3393,F7080
T3394,F16519
T3395,F11084
T3396,F15960
T3397,F12182
T3398,F2729
T3399,F16463
T3400,F11043
T3401,F7410
T3402,F13688
T3403,F12155
T3404,F3117
T3405,F5889
T3406,F12023
T3407,F7855
T3408,F6524
T3409,F4952
T3410,F15505
T3411,F14011
T3412,F16182
T3413,F4204
T3414,F12705
T3415,F13551
T3416,F11550
T3417,F17973
T3418,F14360
T3419,F12937
T3420,F10654
T3421,F12441
T3422,F8398
T3423,F16034
T3424,F3983
T3425,F17843
T3426,F13747
T3427,F6998
T3428,F13311
T3429,F3119
T3430,F10806
T3431,F5077
T3432,F13154
T3433,F13147
T3434,F9450
T3435,F16472
T3436,F10300
T3437,F3056
T3438,F4839
T3439,F13326
T3440,F13023
T3441,F2967
T3442,F11048
T3443,F12110
T3444,F13713
T3445,F5009
T3446,F5018
T3447,F15571
T3448,F4342
T3449,F5419
T3450,F11192
T3451,F15092
T3452,F2915
T3453,F14962
T3454,F3764
T3455,F3283
T3456,F9819
T3457,F16518
T3458,F9257
T3459,F7133
T3460,F11619
T3461,F12718
T3462,F10133
T3463,F14368
T3464,F10947
T3465,F13229
T3466,F8238
T3467,F8281
T3468,F12267
T3469,F6692
T3470,F15026
T3471,F14243
T3472,F2986
T3473,F12572
T3474,F15060
T3475,F10117
T3476,F5710
T3477,F8189
T3478,F5244
T3479,F2757
T3480,F16193
T3481,F15660
T3482,F13386
T3483,F17143
T3484,F13682
T3485,F14514
T3486,F11935
T3487,F5389
T3488,F16971
T3489,F4068
T3490,F8748
T3491,F17297
T3492,F13840
T3493,F16012
T3494,F12218
T3495,F8408
T3496,F13616
T3497,F14467
T3498,F4203
T3499,F6151
